-- phpMyAdmin SQL Dump
-- version 4.9.0.1
-- https://www.phpmyadmin.net/
--
-- Host: 127.0.0.1
-- Generation Time: Jun 26, 2019 at 09:54 AM
-- Server version: 10.3.15-MariaDB
-- PHP Version: 7.3.6

SET SQL_MODE = "NO_AUTO_VALUE_ON_ZERO";
SET AUTOCOMMIT = 0;
START TRANSACTION;
SET time_zone = "+00:00";


/*!40101 SET @OLD_CHARACTER_SET_CLIENT=@@CHARACTER_SET_CLIENT */;
/*!40101 SET @OLD_CHARACTER_SET_RESULTS=@@CHARACTER_SET_RESULTS */;
/*!40101 SET @OLD_COLLATION_CONNECTION=@@COLLATION_CONNECTION */;
/*!40101 SET NAMES utf8mb4 */;

--
-- Database: `pms_merge`
--

-- --------------------------------------------------------

--
-- Table structure for table `branch`
--

CREATE TABLE `branch` (
  `branch_id` int(11) NOT NULL,
  `branch_name` varchar(35) NOT NULL,
  `address` text NOT NULL,
  `tin` int(15) NOT NULL,
  `operated_by` varchar(35) NOT NULL,
  `pos_count` int(1) NOT NULL
) ENGINE=InnoDB DEFAULT CHARSET=latin1;

--
-- Dumping data for table `branch`
--

INSERT INTO `branch` (`branch_id`, `branch_name`, `address`, `tin`, `operated_by`, `pos_count`) VALUES
(1, 'SM CITY - ILOILO', 'SM CITY ILOILO', 22412412, 'BRAAI MASTERS CORPORATION', 3),
(2, 'SM CITY - GENSAN', 'UNIT 255-259, 2ND LEVEL SM CITY, SAN MIGUEL ST. LAGAO GENERAL SANTOS CITY', 0, 'RIBSHACK GRILL CORPORATION', 2);

-- --------------------------------------------------------

--
-- Table structure for table `period`
--

CREATE TABLE `period` (
  `id` int(11) NOT NULL,
  `date` date NOT NULL,
  `status` int(1) NOT NULL COMMENT '0=process, 1=complete',
  `branch_id` int(1) NOT NULL
) ENGINE=InnoDB DEFAULT CHARSET=latin1;

--
-- Dumping data for table `period`
--

INSERT INTO `period` (`id`, `date`, `status`, `branch_id`) VALUES
(1, '2019-06-01', 1, 1),
(2, '2019-06-02', 1, 1),
(3, '2019-06-03', 1, 2),
(8, '2019-06-04', 0, 2),
(9, '2019-06-01', 0, 2),
(10, '2019-06-03', 0, 0),
(11, '2019-06-04', 0, 0),
(12, '2019-06-05', 0, 0),
(13, '2019-06-03', 0, 1),
(14, '2019-06-04', 0, 1);

-- --------------------------------------------------------

--
-- Table structure for table `product`
--

CREATE TABLE `product` (
  `id` varchar(10) NOT NULL,
  `parent_id` varchar(32) DEFAULT NULL,
  `description` varchar(50) NOT NULL,
  `uom` int(11) NOT NULL,
  `price` float NOT NULL
) ENGINE=InnoDB DEFAULT CHARSET=latin1;

--
-- Dumping data for table `product`
--

INSERT INTO `product` (`id`, `parent_id`, `description`, `uom`, `price`) VALUES
('50001', NULL, 'Backribs', 1, 179),
('50001M', '50001', 'Backribs Meal', 1, 189),
('50001MSC', '50001', 'Backribs Meal SC', 1, 179),
('50001SC', '50001', 'Backribs SC', 1, 179),
('50002', NULL, 'Spareribs', 1, 89),
('50002M', '50002', 'Spareribs Meal', 1, 99),
('50002MSC', '50002', 'Spareribs Meal SC', 1, 99),
('50002SC', '50002', 'Spareribs SC', 1, 89),
('50003', NULL, 'Pork BBQ', 1, 25),
('50003M', '50003', 'Pork BBQ Meal', 1, 109),
('50003MSC', '50003', 'Pork BBQ Meal SC', 1, 109),
('50003SC', '50003', 'Pork BBQ SC', 1, 25),
('50004', NULL, 'Pork Kebab', 1, 50),
('50004M', '50004', 'Pork Kebab Meal', 1, 159),
('50004MSC', '50004', 'Pork Kebab Meal SC', 1, 159),
('50004SC', '50004', 'Pork Kebab SC', 1, 50),
('50005', NULL, 'Beef Kebab', 1, 60),
('50005M', '50005', 'Beef Kebab Meal', 1, 189),
('50005MSC', '50005', 'Beef Kebab Meal SC', 1, 189),
('50005SC', '50005', 'Beef Kebab SC', 1, 60),
('50006', NULL, 'Bacon Kebab', 1, 50),
('50006M', '50006', 'Bacon Kebab Meal', 1, 159),
('50006MSC', '50006', 'Bacon Kebab Meal SC', 1, 159),
('50006SC', '50006', 'Bacon Kebab SC', 1, 50),
('50007', NULL, 'Chicken Paa', 1, 89),
('50007M', '50007', 'Chicken Paa Meal', 1, 99),
('50007MSC', '50007', 'Chicken Paa Meal SC', 1, 99),
('50007SC', '50007', 'Chicken Paa SC', 1, 89),
('50008', NULL, 'Chicken Pecho', 1, 99),
('50008M', '50008', 'Chicken Pecho Meal', 1, 109),
('50008MSC', '50008', 'Chicken Pecho Meal SC', 1, 109),
('50008SC', '50008', 'Chicken Pecho SC', 1, 99),
('50009', NULL, 'Jumbo Paa', 1, 100),
('50009M', '50009', 'Jumbo Paa Meal', 1, 110),
('50009MSC', '50009', 'Jumbo Paa Meal SC', 1, 110),
('50010', NULL, 'Jumbo Pecho ', 1, 129),
('50010M', '50010', 'Jumbo Pecho Meal', 1, 139),
('50010MSC', '50010', 'Jumbo Pecho Meal SC', 1, 139),
('50010SC', '50010', 'Jumbo Pecho SC', 1, 129),
('50011', NULL, 'Boneless Bangus (S)', 1, 135),
('50011SC', '50011', 'Boneless Bangus (S) SC', 1, 135),
('50012', NULL, 'Boneless Bangus (M)', 1, 155),
('50012SC', '50012', 'Boneless Bangus (M) SC', 1, 155),
('50013', NULL, 'Boneless Bangus (L)', 1, 175),
('50013SC', '50013', 'Boneless Bangus (L) SC', 1, 175),
('50014', NULL, 'Boneless Bangus (XL)', 1, 195),
('50014CS', '50014', 'Boneless Bangus (XL) SC', 1, 195),
('50015', NULL, 'Boneless Bangus (XXL)', 1, 215),
('50015SC', '50015', 'Boneless Bangus (XXL) SC', 1, 215),
('50016', NULL, 'Blue Marlin 1200/KG', 2, 1.2),
('50016SC', '50016', 'Blue Marlin 1200/KG SC', 2, 1.2),
('50018', NULL, 'Jumbo Squid', 1, 60),
('50018M', '50018', 'Jumbo Squid Meal', 1, 189),
('50018MSC', '50018', 'Jumbo Squid Meal SC', 1, 189),
('50018SC', '50018', 'Jumbo Squid SC', 1, 60),
('50019', NULL, 'Chorizo', 1, 25),
('50019M', '50019', 'Chorizo Meal', 1, 59),
('50019MSC', '50019', 'Chorizo Meal SC', 1, 59),
('50019SC', '50019', 'Chorizo SC', 1, 25),
('50022', NULL, 'Tangigue 1000/KG', 2, 1),
('50022SC', '50022', 'Tangingue 1000/KG SC', 2, 1),
('50023', NULL, 'Stuffed Squid (S)', 1, 75),
('50023SC', '50023', 'Stuffed Squid (S) SC', 1, 75),
('50024', NULL, 'Stuffed Squid (M)', 1, 85),
('50024SC', '50024', 'Stuffed Squid (M) SC', 1, 85),
('50025', NULL, 'Stuffed Squid (L)', 1, 105),
('50025SC', '50025', 'Stuffed Squid (L) SC', 1, 105),
('50026', NULL, 'Stuffed Squid (XL)', 1, 125),
('50026SC', '50026', 'Stuffed Squid (XL) SC', 1, 125),
('50027', NULL, 'Stuffed Squid (XXL)', 1, 140),
('50027SC', '50027', 'Stuffed Squid (XXL) SC', 1, 140),
('50028', NULL, 'Stuffed Squid (XXXL)', 1, 0.65),
('50028SC', '50028', 'Stuffed Squid (XXXL) SC', 1, 0.65),
('50029', NULL, 'Beef Ribs', 1, 179),
('50029M', '50029', 'Beef Ribs Meal', 1, 189),
('50029MSC', '50029', 'Beef Ribs Meal SC', 1, 189),
('50029SC', '50029', 'Beef Ribs SC', 1, 179),
('50030', NULL, 'Black Sambo', 1, 49),
('50030SC', '50030', 'Black Sambo SC', 1, 49),
('51002', NULL, 'Rice', 1, 25),
('51002H', '51002', 'Half Rice', 1, 15),
('51002HSC', '51002', 'Half Rice SC', 1, 15),
('51002SC', '51002', 'Rice SC', 1, 25),
('51002SF', '51002', 'Rice for Seafood', 1, 25),
('51002SFSC', '51002', 'Rice for Seafood SC', 1, 25),
('53001A', NULL, 'Lipton Iced Tea 12oz', 1, 35),
('53001ASC', '53001A', 'Lipton Iced Tea 12oz SC', 1, 35),
('53001B', NULL, 'Lipton Iced Tea 16oz', 1, 45),
('53001BSC', '53001B', 'Lipton Iced Tea 16oz SC', 1, 45),
('53002A', NULL, 'Cucumber Lemonade 12oz', 1, 35),
('53002ASC', '53002A', 'Cucumber Lemonade 12oz SC', 1, 35),
('53002B', NULL, 'Cucumber Lemonade 16oz', 1, 45),
('53002BSC', '53002B', 'Cucumber Lemonade 16oz', 1, 45),
('53003', NULL, 'Bottled Water', 1, 25),
('53003SC', '53003', 'Bottled Water SC', 1, 25),
('53004', NULL, 'Pepsi Max', 1, 45),
('53004SC', '53004', 'Pepsi Max SC', 1, 45),
('53005', NULL, 'Mt. Dew', 1, 45),
('53005SC', '53005', 'Mt. Dew SC', 1, 45),
('53006', NULL, 'Pepsi', 1, 45),
('53006SC', '53006', 'Pepsi SC', 1, 45),
('53008', NULL, '7UP (Can)', 1, 45),
('53008SC', '53008', '7UP (Can) SC', 1, 45),
('53009', NULL, '7UP (BIB)', 1, 45),
('53009SC', '53009', '7UP (BIB) SC', 1, 45),
('54001', NULL, 'Backribs Sauce', 1, 25),
('54001SC', '54001', 'Backribs Sauce SC', 1, 25),
('54003', NULL, 'Garlic Sauce', 1, 35),
('54003SC', '54003', 'Garlic Sauce SC', 1, 35),
('54007', NULL, 'Atchara', 1, 25),
('54007SC', '54007', 'Atchara SC', 1, 25);

-- --------------------------------------------------------

--
-- Table structure for table `product_movement`
--

CREATE TABLE `product_movement` (
  `id` int(11) NOT NULL,
  `period_id` int(11) NOT NULL,
  `product_id` varchar(11) NOT NULL,
  `pos_sold` float NOT NULL,
  `beginning` float DEFAULT NULL,
  `ending` float DEFAULT NULL,
  `delivery` float NOT NULL,
  `actual` float DEFAULT NULL,
  `trans_in` float NOT NULL,
  `trans_out` float NOT NULL,
  `return_stock` float NOT NULL,
  `discrepancy` float DEFAULT NULL
) ENGINE=InnoDB DEFAULT CHARSET=latin1;

--
-- Dumping data for table `product_movement`
--

INSERT INTO `product_movement` (`id`, `period_id`, `product_id`, `pos_sold`, `beginning`, `ending`, `delivery`, `actual`, `trans_in`, `trans_out`, `return_stock`, `discrepancy`) VALUES
(1, 1, '53009', 19, NULL, NULL, 0, NULL, 0, 0, 0, -19),
(2, 1, '53009SC', 3, NULL, NULL, 0, NULL, 0, 0, 0, -3),
(3, 1, '53008', 0, NULL, NULL, 0, NULL, 0, 0, 0, NULL),
(4, 1, '53008SC', 0, NULL, NULL, 0, NULL, 0, 0, 0, NULL),
(5, 1, '54007', 3, NULL, NULL, 0, NULL, 0, 0, 0, -3),
(6, 1, '54007SC', 0, NULL, NULL, 0, NULL, 0, 0, 0, NULL),
(7, 1, '50001', 27, NULL, NULL, 0, NULL, 0, 0, 0, -27),
(8, 1, '50001M', 22, NULL, NULL, 0, NULL, 0, 0, 0, -22),
(9, 1, '50001MSC', 3, NULL, NULL, 0, NULL, 0, 0, 0, -3),
(10, 1, '54001', 0, NULL, NULL, 0, NULL, 0, 0, 0, NULL),
(11, 1, '54001SC', 0, NULL, NULL, 0, NULL, 0, 0, 0, NULL),
(12, 1, '50001SC', 0, NULL, NULL, 0, NULL, 0, 0, 0, NULL),
(13, 1, '50006', 0, NULL, NULL, 0, NULL, 0, 0, 0, NULL),
(14, 1, '50006M', 0, NULL, NULL, 0, NULL, 0, 0, 0, NULL),
(15, 1, '50006MSC', 0, NULL, NULL, 0, NULL, 0, 0, 0, NULL),
(16, 1, '50006SC', 0, NULL, NULL, 0, NULL, 0, 0, 0, NULL),
(17, 1, '50005', 6, NULL, NULL, 0, NULL, 0, 0, 0, -6),
(18, 1, '50005M', 1, NULL, NULL, 0, NULL, 0, 0, 0, -1),
(19, 1, '50005MSC', 0, NULL, NULL, 0, NULL, 0, 0, 0, NULL),
(20, 1, '50005SC', 0, NULL, NULL, 0, NULL, 0, 0, 0, NULL),
(21, 1, '50029', 0, NULL, NULL, 0, NULL, 0, 0, 0, NULL),
(22, 1, '50029M', 0, NULL, NULL, 0, NULL, 0, 0, 0, NULL),
(23, 1, '50029MSC', 0, NULL, NULL, 0, NULL, 0, 0, 0, NULL),
(24, 1, '50029SC', 0, NULL, NULL, 0, NULL, 0, 0, 0, NULL),
(25, 1, '50030', 0, NULL, NULL, 0, NULL, 0, 0, 0, NULL),
(26, 1, '50030SC', 0, NULL, NULL, 0, NULL, 0, 0, 0, NULL),
(27, 1, '50016', 400, NULL, NULL, 0, NULL, 0, 0, 0, -400),
(28, 1, '50016SC', 0, NULL, NULL, 0, NULL, 0, 0, 0, NULL),
(29, 1, '50013', 0, NULL, NULL, 0, NULL, 0, 0, 0, NULL),
(30, 1, '50013SC', 0, NULL, NULL, 0, NULL, 0, 0, 0, NULL),
(31, 1, '50012', 0, NULL, NULL, 0, NULL, 0, 0, 0, NULL),
(32, 1, '50012SC', 0, NULL, NULL, 0, NULL, 0, 0, 0, NULL),
(33, 1, '50011', 0, NULL, NULL, 0, NULL, 0, 0, 0, NULL),
(34, 1, '50011SC', 0, NULL, NULL, 0, NULL, 0, 0, 0, NULL),
(35, 1, '50014', 0, NULL, NULL, 0, NULL, 0, 0, 0, NULL),
(36, 1, '50014CS', 0, NULL, NULL, 0, NULL, 0, 0, 0, NULL),
(37, 1, '50015', 5, NULL, NULL, 0, NULL, 0, 0, 0, -5),
(38, 1, '50015SC', 3, NULL, NULL, 0, NULL, 0, 0, 0, -3),
(39, 1, '53003', 10, NULL, NULL, 0, NULL, 0, 0, 0, -10),
(40, 1, '53003SC', 2, NULL, NULL, 0, NULL, 0, 0, 0, -2),
(41, 1, '50007', 0, NULL, NULL, 0, NULL, 0, 0, 0, NULL),
(42, 1, '50007M', 0, NULL, NULL, 0, NULL, 0, 0, 0, NULL),
(43, 1, '50007MSC', 0, NULL, NULL, 0, NULL, 0, 0, 0, NULL),
(44, 1, '50007SC', 0, NULL, NULL, 0, NULL, 0, 0, 0, NULL),
(45, 1, '50008', 5, NULL, NULL, 0, NULL, 0, 0, 0, -5),
(46, 1, '50008M', 5, NULL, NULL, 0, NULL, 0, 0, 0, -5),
(47, 1, '50008MSC', 0, NULL, NULL, 0, NULL, 0, 0, 0, NULL),
(48, 1, '50008SC', 0, NULL, NULL, 0, NULL, 0, 0, 0, NULL),
(49, 1, '50019', 1, NULL, NULL, 0, NULL, 0, 0, 0, -1),
(50, 1, '50019M', 0, NULL, NULL, 0, NULL, 0, 0, 0, NULL),
(51, 1, '50019MSC', 0, NULL, NULL, 0, NULL, 0, 0, 0, NULL),
(52, 1, '50019SC', 0, NULL, NULL, 0, NULL, 0, 0, 0, NULL),
(53, 1, '53002A', 37, NULL, NULL, 0, NULL, 0, 0, 0, -37),
(54, 1, '53002ASC', 2, NULL, NULL, 0, NULL, 0, 0, 0, -2),
(55, 1, '53002B', 71, NULL, NULL, 0, NULL, 0, 0, 0, -71),
(56, 1, '53002BSC', 7, NULL, NULL, 0, NULL, 0, 0, 0, -7),
(57, 1, '54003', 0, NULL, NULL, 0, NULL, 0, 0, 0, NULL),
(58, 1, '54003SC', 0, NULL, NULL, 0, NULL, 0, 0, 0, NULL),
(59, 1, '51002H', 0, NULL, NULL, 0, NULL, 0, 0, 0, NULL),
(60, 1, '51002HSC', 0, NULL, NULL, 0, NULL, 0, 0, 0, NULL),
(61, 1, '50009', 50, NULL, NULL, 0, NULL, 0, 0, 0, -50),
(62, 1, '50009M', 44, NULL, NULL, 0, NULL, 0, 0, 0, -44),
(63, 1, '50009MSC', 4, NULL, NULL, 0, NULL, 0, 0, 0, -4),
(64, 1, '50010', 18, NULL, NULL, 0, NULL, 0, 0, 0, -18),
(65, 1, '50010M', 12, NULL, NULL, 0, NULL, 0, 0, 0, -12),
(66, 1, '50010MSC', 5, NULL, NULL, 0, NULL, 0, 0, 0, -5),
(67, 1, '50010SC', 0, NULL, NULL, 0, NULL, 0, 0, 0, NULL),
(68, 1, '50018', 18, NULL, NULL, 0, NULL, 0, 0, 0, -18),
(69, 1, '50018M', 4, NULL, NULL, 0, NULL, 0, 0, 0, -4),
(70, 1, '50018MSC', 0, NULL, NULL, 0, NULL, 0, 0, 0, NULL),
(71, 1, '50018SC', 4, NULL, NULL, 0, NULL, 0, 0, 0, -4),
(72, 1, '53001A', 2, NULL, NULL, 0, NULL, 0, 0, 0, -2),
(73, 1, '53001ASC', 0, NULL, NULL, 0, NULL, 0, 0, 0, NULL),
(74, 1, '53001B', 28, NULL, NULL, 0, NULL, 0, 0, 0, -28),
(75, 1, '53001BSC', 1, NULL, NULL, 0, NULL, 0, 0, 0, -1),
(76, 1, '53005', 5, NULL, NULL, 0, NULL, 0, 0, 0, -5),
(77, 1, '53005SC', 0, NULL, NULL, 0, NULL, 0, 0, 0, NULL),
(78, 1, '53006', 16, NULL, NULL, 0, NULL, 0, 0, 0, -16),
(79, 1, '53004', 6, NULL, NULL, 0, NULL, 0, 0, 0, -6),
(80, 1, '53004SC', 2, NULL, NULL, 0, NULL, 0, 0, 0, -2),
(81, 1, '53006SC', 1, NULL, NULL, 0, NULL, 0, 0, 0, -1),
(82, 1, '50003', 253, NULL, NULL, 0, NULL, 0, 0, 0, -253),
(83, 1, '50003M', 58, NULL, NULL, 0, NULL, 0, 0, 0, -58),
(84, 1, '50003MSC', 3, NULL, NULL, 0, NULL, 0, 0, 0, -3),
(85, 1, '50003SC', 5, NULL, NULL, 0, NULL, 0, 0, 0, -5),
(86, 1, '50004', 2, NULL, NULL, 0, NULL, 0, 0, 0, -2),
(87, 1, '50004M', 0, NULL, NULL, 0, NULL, 0, 0, 0, NULL),
(88, 1, '50004MSC', 0, NULL, NULL, 0, NULL, 0, 0, 0, NULL),
(89, 1, '50004SC', 0, NULL, NULL, 0, NULL, 0, 0, 0, NULL),
(90, 1, '51002', 302, NULL, NULL, 0, NULL, 0, 0, 0, -302),
(91, 1, '51002SF', 5, NULL, NULL, 0, NULL, 0, 0, 0, -5),
(92, 1, '51002SFSC', 0, NULL, NULL, 0, NULL, 0, 0, 0, NULL),
(93, 1, '51002SC', 0, NULL, NULL, 0, NULL, 0, 0, 0, NULL),
(94, 1, '50002', 133, NULL, NULL, 0, NULL, 0, 0, 0, -133),
(95, 1, '50002M', 123, NULL, NULL, 0, NULL, 0, 0, 0, -123),
(96, 1, '50002MSC', 6, NULL, NULL, 0, NULL, 0, 0, 0, -6),
(97, 1, '50002SC', 2, NULL, NULL, 0, NULL, 0, 0, 0, -2),
(98, 1, '50025', 0, NULL, NULL, 0, NULL, 0, 0, 0, NULL),
(99, 1, '50025SC', 0, NULL, NULL, 0, NULL, 0, 0, 0, NULL),
(100, 1, '50024', 0, NULL, NULL, 0, NULL, 0, 0, 0, NULL),
(101, 1, '50024SC', 0, NULL, NULL, 0, NULL, 0, 0, 0, NULL),
(102, 1, '50023', 0, NULL, NULL, 0, NULL, 0, 0, 0, NULL),
(103, 1, '50023SC', 0, NULL, NULL, 0, NULL, 0, 0, 0, NULL),
(104, 1, '50026', 0, NULL, NULL, 0, NULL, 0, 0, 0, NULL),
(105, 1, '50026SC', 0, NULL, NULL, 0, NULL, 0, 0, 0, NULL),
(106, 1, '50027', 0, NULL, NULL, 0, NULL, 0, 0, 0, NULL),
(107, 1, '50027SC', 0, NULL, NULL, 0, NULL, 0, 0, 0, NULL),
(108, 1, '50028', 0, NULL, NULL, 0, NULL, 0, 0, 0, NULL),
(109, 1, '50028SC', 0, NULL, NULL, 0, NULL, 0, 0, 0, NULL),
(110, 1, '50022', 0, NULL, NULL, 0, NULL, 0, 0, 0, NULL),
(111, 1, '50022SC', 0, NULL, NULL, 0, NULL, 0, 0, 0, NULL),
(112, 2, '53009', 19, NULL, NULL, 0, NULL, 0, 0, 0, -19),
(113, 2, '53009SC', 3, NULL, NULL, 0, NULL, 0, 0, 0, -3),
(114, 2, '53008', 0, NULL, NULL, 0, NULL, 0, 0, 0, NULL),
(115, 2, '53008SC', 0, NULL, NULL, 0, NULL, 0, 0, 0, NULL),
(116, 2, '54007', 3, NULL, NULL, 0, NULL, 0, 0, 0, -3),
(117, 2, '54007SC', 0, NULL, NULL, 0, NULL, 0, 0, 0, NULL),
(118, 2, '50001', 27, NULL, NULL, 0, NULL, 0, 0, 0, -27),
(119, 2, '50001M', 22, NULL, NULL, 0, NULL, 0, 0, 0, -22),
(120, 2, '50001MSC', 3, NULL, NULL, 0, NULL, 0, 0, 0, -3),
(121, 2, '54001', 0, NULL, NULL, 0, NULL, 0, 0, 0, NULL),
(122, 2, '54001SC', 0, NULL, NULL, 0, NULL, 0, 0, 0, NULL),
(123, 2, '50001SC', 0, NULL, NULL, 0, NULL, 0, 0, 0, NULL),
(124, 2, '50006', 0, NULL, NULL, 0, NULL, 0, 0, 0, NULL),
(125, 2, '50006M', 0, NULL, NULL, 0, NULL, 0, 0, 0, NULL),
(126, 2, '50006MSC', 0, NULL, NULL, 0, NULL, 0, 0, 0, NULL),
(127, 2, '50006SC', 0, NULL, NULL, 0, NULL, 0, 0, 0, NULL),
(128, 2, '50005', 6, NULL, NULL, 0, NULL, 0, 0, 0, -6),
(129, 2, '50005M', 1, NULL, NULL, 0, NULL, 0, 0, 0, -1),
(130, 2, '50005MSC', 0, NULL, NULL, 0, NULL, 0, 0, 0, NULL),
(131, 2, '50005SC', 0, NULL, NULL, 0, NULL, 0, 0, 0, NULL),
(132, 2, '50029', 0, NULL, NULL, 0, NULL, 0, 0, 0, NULL),
(133, 2, '50029M', 0, NULL, NULL, 0, NULL, 0, 0, 0, NULL),
(134, 2, '50029MSC', 0, NULL, NULL, 0, NULL, 0, 0, 0, NULL),
(135, 2, '50029SC', 0, NULL, NULL, 0, NULL, 0, 0, 0, NULL),
(136, 2, '50030', 0, NULL, NULL, 0, NULL, 0, 0, 0, NULL),
(137, 2, '50030SC', 0, NULL, NULL, 0, NULL, 0, 0, 0, NULL),
(138, 2, '50016', 400, NULL, NULL, 0, NULL, 0, 0, 0, -400),
(139, 2, '50016SC', 0, NULL, NULL, 0, NULL, 0, 0, 0, NULL),
(140, 2, '50013', 0, NULL, NULL, 0, NULL, 0, 0, 0, NULL),
(141, 2, '50013SC', 0, NULL, NULL, 0, NULL, 0, 0, 0, NULL),
(142, 2, '50012', 0, NULL, NULL, 0, NULL, 0, 0, 0, NULL),
(143, 2, '50012SC', 0, NULL, NULL, 0, NULL, 0, 0, 0, NULL),
(144, 2, '50011', 0, NULL, NULL, 0, NULL, 0, 0, 0, NULL),
(145, 2, '50011SC', 0, NULL, NULL, 0, NULL, 0, 0, 0, NULL),
(146, 2, '50014', 0, NULL, NULL, 0, NULL, 0, 0, 0, NULL),
(147, 2, '50014CS', 0, NULL, NULL, 0, NULL, 0, 0, 0, NULL),
(148, 2, '50015', 5, NULL, NULL, 0, NULL, 0, 0, 0, -5),
(149, 2, '50015SC', 3, NULL, NULL, 0, NULL, 0, 0, 0, -3),
(150, 2, '53003', 10, NULL, NULL, 0, NULL, 0, 0, 0, -10),
(151, 2, '53003SC', 2, NULL, NULL, 0, NULL, 0, 0, 0, -2),
(152, 2, '50007', 0, NULL, NULL, 0, NULL, 0, 0, 0, NULL),
(153, 2, '50007M', 0, NULL, NULL, 0, NULL, 0, 0, 0, NULL),
(154, 2, '50007MSC', 0, NULL, NULL, 0, NULL, 0, 0, 0, NULL),
(155, 2, '50007SC', 0, NULL, NULL, 0, NULL, 0, 0, 0, NULL),
(156, 2, '50008', 5, NULL, NULL, 0, NULL, 0, 0, 0, -5),
(157, 2, '50008M', 5, NULL, NULL, 0, NULL, 0, 0, 0, -5),
(158, 2, '50008MSC', 0, NULL, NULL, 0, NULL, 0, 0, 0, NULL),
(159, 2, '50008SC', 0, NULL, NULL, 0, NULL, 0, 0, 0, NULL),
(160, 2, '50019', 1, NULL, NULL, 0, NULL, 0, 0, 0, -1),
(161, 2, '50019M', 0, NULL, NULL, 0, NULL, 0, 0, 0, NULL),
(162, 2, '50019MSC', 0, NULL, NULL, 0, NULL, 0, 0, 0, NULL),
(163, 2, '50019SC', 0, NULL, NULL, 0, NULL, 0, 0, 0, NULL),
(164, 2, '53002A', 37, NULL, NULL, 0, NULL, 0, 0, 0, -37),
(165, 2, '53002ASC', 2, NULL, NULL, 0, NULL, 0, 0, 0, -2),
(166, 2, '53002B', 71, NULL, NULL, 0, NULL, 0, 0, 0, -71),
(167, 2, '53002BSC', 7, NULL, NULL, 0, NULL, 0, 0, 0, -7),
(168, 2, '54003', 0, NULL, NULL, 0, NULL, 0, 0, 0, NULL),
(169, 2, '54003SC', 0, NULL, NULL, 0, NULL, 0, 0, 0, NULL),
(170, 2, '51002H', 0, NULL, NULL, 0, NULL, 0, 0, 0, NULL),
(171, 2, '51002HSC', 0, NULL, NULL, 0, NULL, 0, 0, 0, NULL),
(172, 2, '50009', 50, NULL, NULL, 0, NULL, 0, 0, 0, -50),
(173, 2, '50009M', 44, NULL, NULL, 0, NULL, 0, 0, 0, -44),
(174, 2, '50009MSC', 4, NULL, NULL, 0, NULL, 0, 0, 0, -4),
(175, 2, '50010', 18, NULL, NULL, 0, NULL, 0, 0, 0, -18),
(176, 2, '50010M', 12, NULL, NULL, 0, NULL, 0, 0, 0, -12),
(177, 2, '50010MSC', 5, NULL, NULL, 0, NULL, 0, 0, 0, -5),
(178, 2, '50010SC', 0, NULL, NULL, 0, NULL, 0, 0, 0, NULL),
(179, 2, '50018', 18, NULL, NULL, 0, NULL, 0, 0, 0, -18),
(180, 2, '50018M', 4, NULL, NULL, 0, NULL, 0, 0, 0, -4),
(181, 2, '50018MSC', 0, NULL, NULL, 0, NULL, 0, 0, 0, NULL),
(182, 2, '50018SC', 4, NULL, NULL, 0, NULL, 0, 0, 0, -4),
(183, 2, '53001A', 2, NULL, NULL, 0, NULL, 0, 0, 0, -2),
(184, 2, '53001ASC', 0, NULL, NULL, 0, NULL, 0, 0, 0, NULL),
(185, 2, '53001B', 28, NULL, NULL, 0, NULL, 0, 0, 0, -28),
(186, 2, '53001BSC', 1, NULL, NULL, 0, NULL, 0, 0, 0, -1),
(187, 2, '53005', 5, NULL, NULL, 0, NULL, 0, 0, 0, -5),
(188, 2, '53005SC', 0, NULL, NULL, 0, NULL, 0, 0, 0, NULL),
(189, 2, '53006', 16, NULL, NULL, 0, NULL, 0, 0, 0, -16),
(190, 2, '53004', 6, NULL, NULL, 0, NULL, 0, 0, 0, -6),
(191, 2, '53004SC', 2, NULL, NULL, 0, NULL, 0, 0, 0, -2),
(192, 2, '53006SC', 1, NULL, NULL, 0, NULL, 0, 0, 0, -1),
(193, 2, '50003', 253, NULL, NULL, 0, NULL, 0, 0, 0, -253),
(194, 2, '50003M', 58, NULL, NULL, 0, NULL, 0, 0, 0, -58),
(195, 2, '50003MSC', 3, NULL, NULL, 0, NULL, 0, 0, 0, -3),
(196, 2, '50003SC', 5, NULL, NULL, 0, NULL, 0, 0, 0, -5),
(197, 2, '50004', 2, NULL, NULL, 0, NULL, 0, 0, 0, -2),
(198, 2, '50004M', 0, NULL, NULL, 0, NULL, 0, 0, 0, NULL),
(199, 2, '50004MSC', 0, NULL, NULL, 0, NULL, 0, 0, 0, NULL),
(200, 2, '50004SC', 0, NULL, NULL, 0, NULL, 0, 0, 0, NULL),
(201, 2, '51002', 302, NULL, NULL, 0, NULL, 0, 0, 0, -302),
(202, 2, '51002SF', 5, NULL, NULL, 0, NULL, 0, 0, 0, -5),
(203, 2, '51002SFSC', 0, NULL, NULL, 0, NULL, 0, 0, 0, NULL),
(204, 2, '51002SC', 0, NULL, NULL, 0, NULL, 0, 0, 0, NULL),
(205, 2, '50002', 133, NULL, NULL, 0, NULL, 0, 0, 0, -133),
(206, 2, '50002M', 123, NULL, NULL, 0, NULL, 0, 0, 0, -123),
(207, 2, '50002MSC', 6, NULL, NULL, 0, NULL, 0, 0, 0, -6),
(208, 2, '50002SC', 2, NULL, NULL, 0, NULL, 0, 0, 0, -2),
(209, 2, '50025', 0, NULL, NULL, 0, NULL, 0, 0, 0, NULL),
(210, 2, '50025SC', 0, NULL, NULL, 0, NULL, 0, 0, 0, NULL),
(211, 2, '50024', 0, NULL, NULL, 0, NULL, 0, 0, 0, NULL),
(212, 2, '50024SC', 0, NULL, NULL, 0, NULL, 0, 0, 0, NULL),
(213, 2, '50023', 0, NULL, NULL, 0, NULL, 0, 0, 0, NULL),
(214, 2, '50023SC', 0, NULL, NULL, 0, NULL, 0, 0, 0, NULL),
(215, 2, '50026', 0, NULL, NULL, 0, NULL, 0, 0, 0, NULL),
(216, 2, '50026SC', 0, NULL, NULL, 0, NULL, 0, 0, 0, NULL),
(217, 2, '50027', 0, NULL, NULL, 0, NULL, 0, 0, 0, NULL),
(218, 2, '50027SC', 0, NULL, NULL, 0, NULL, 0, 0, 0, NULL),
(219, 2, '50028', 0, NULL, NULL, 0, NULL, 0, 0, 0, NULL),
(220, 2, '50028SC', 0, NULL, NULL, 0, NULL, 0, 0, 0, NULL),
(221, 2, '50022', 0, NULL, NULL, 0, NULL, 0, 0, 0, NULL),
(222, 2, '50022SC', 0, NULL, NULL, 0, NULL, 0, 0, 0, NULL),
(223, 3, '53009', 19, 19, NULL, 0, 19, 0, 0, 0, 0),
(224, 3, '53009SC', 3, NULL, NULL, 0, NULL, 0, 0, 0, -3),
(225, 3, '53008', 0, NULL, NULL, 0, NULL, 0, 0, 0, NULL),
(226, 3, '53008SC', 0, NULL, NULL, 0, NULL, 0, 0, 0, NULL),
(227, 3, '54007', 3, NULL, NULL, 0, NULL, 0, 0, 0, -3),
(228, 3, '54007SC', 0, NULL, NULL, 0, NULL, 0, 0, 0, NULL),
(229, 3, '50001', 27, 10, NULL, 10, 27, 13, 0, 6, 0),
(230, 3, '50001M', 22, NULL, NULL, 0, NULL, 0, 0, 0, -22),
(231, 3, '50001MSC', 3, NULL, NULL, 0, NULL, 0, 0, 0, -3),
(232, 3, '54001', 0, NULL, NULL, 0, NULL, 0, 0, 0, NULL),
(233, 3, '54001SC', 0, NULL, NULL, 0, NULL, 0, 0, 0, NULL),
(234, 3, '50001SC', 0, NULL, NULL, 0, NULL, 0, 0, 0, NULL),
(235, 3, '50006', 0, NULL, NULL, 0, NULL, 0, 0, 0, NULL),
(236, 3, '50006M', 0, NULL, NULL, 0, NULL, 0, 0, 0, NULL),
(237, 3, '50006MSC', 0, NULL, NULL, 0, NULL, 0, 0, 0, NULL),
(238, 3, '50006SC', 0, NULL, NULL, 0, NULL, 0, 0, 0, NULL),
(239, 3, '50005', 6, NULL, NULL, 0, NULL, 0, 0, 0, -6),
(240, 3, '50005M', 1, NULL, NULL, 0, NULL, 0, 0, 0, -1),
(241, 3, '50005MSC', 0, NULL, NULL, 0, NULL, 0, 0, 0, NULL),
(242, 3, '50005SC', 0, NULL, NULL, 0, NULL, 0, 0, 0, NULL),
(243, 3, '50029', 0, NULL, NULL, 0, NULL, 0, 0, 0, NULL),
(244, 3, '50029M', 0, NULL, NULL, 0, NULL, 0, 0, 0, NULL),
(245, 3, '50029MSC', 0, NULL, NULL, 0, NULL, 0, 0, 0, NULL),
(246, 3, '50029SC', 0, NULL, NULL, 0, NULL, 0, 0, 0, NULL),
(247, 3, '50030', 0, NULL, NULL, 0, NULL, 0, 0, 0, NULL),
(248, 3, '50030SC', 0, NULL, NULL, 0, NULL, 0, 0, 0, NULL),
(249, 3, '50016', 400, NULL, NULL, 0, NULL, 0, 0, 0, -400),
(250, 3, '50016SC', 0, NULL, NULL, 0, NULL, 0, 0, 0, NULL),
(251, 3, '50013', 0, NULL, NULL, 0, NULL, 0, 0, 0, NULL),
(252, 3, '50013SC', 0, NULL, NULL, 0, NULL, 0, 0, 0, NULL),
(253, 3, '50012', 0, NULL, NULL, 0, NULL, 0, 0, 0, NULL),
(254, 3, '50012SC', 0, NULL, NULL, 0, NULL, 0, 0, 0, NULL),
(255, 3, '50011', 0, NULL, NULL, 0, NULL, 0, 0, 0, NULL),
(256, 3, '50011SC', 0, NULL, NULL, 0, NULL, 0, 0, 0, NULL),
(257, 3, '50014', 0, NULL, NULL, 0, NULL, 0, 0, 0, NULL),
(258, 3, '50014CS', 0, NULL, NULL, 0, NULL, 0, 0, 0, NULL),
(259, 3, '50015', 5, NULL, NULL, 0, NULL, 0, 0, 0, -5),
(260, 3, '50015SC', 3, NULL, NULL, 0, NULL, 0, 0, 0, -3),
(261, 3, '53003', 10, NULL, NULL, 0, NULL, 0, 0, 0, -10),
(262, 3, '53003SC', 2, NULL, NULL, 0, NULL, 0, 0, 0, -2),
(263, 3, '50007', 0, NULL, NULL, 0, NULL, 0, 0, 0, NULL),
(264, 3, '50007M', 0, NULL, NULL, 0, NULL, 0, 0, 0, NULL),
(265, 3, '50007MSC', 0, NULL, NULL, 0, NULL, 0, 0, 0, NULL),
(266, 3, '50007SC', 0, NULL, NULL, 0, NULL, 0, 0, 0, NULL),
(267, 3, '50008', 5, NULL, NULL, 0, NULL, 0, 0, 0, -5),
(268, 3, '50008M', 5, NULL, NULL, 0, NULL, 0, 0, 0, -5),
(269, 3, '50008MSC', 0, NULL, NULL, 0, NULL, 0, 0, 0, NULL),
(270, 3, '50008SC', 0, NULL, NULL, 0, NULL, 0, 0, 0, NULL),
(271, 3, '50019', 1, NULL, NULL, 0, NULL, 0, 0, 0, -1),
(272, 3, '50019M', 0, NULL, NULL, 0, NULL, 0, 0, 0, NULL),
(273, 3, '50019MSC', 0, NULL, NULL, 0, NULL, 0, 0, 0, NULL),
(274, 3, '50019SC', 0, NULL, NULL, 0, NULL, 0, 0, 0, NULL),
(275, 3, '53002A', 37, NULL, NULL, 0, NULL, 0, 0, 0, -37),
(276, 3, '53002ASC', 2, NULL, NULL, 0, NULL, 0, 0, 0, -2),
(277, 3, '53002B', 71, NULL, NULL, 0, NULL, 0, 0, 0, -71),
(278, 3, '53002BSC', 7, NULL, NULL, 0, NULL, 0, 0, 0, -7),
(279, 3, '54003', 0, NULL, NULL, 0, NULL, 0, 0, 0, NULL),
(280, 3, '54003SC', 0, NULL, NULL, 0, NULL, 0, 0, 0, NULL),
(281, 3, '51002H', 0, NULL, NULL, 0, NULL, 0, 0, 0, NULL),
(282, 3, '51002HSC', 0, NULL, NULL, 0, NULL, 0, 0, 0, NULL),
(283, 3, '50009', 50, NULL, NULL, 0, NULL, 0, 0, 0, -50),
(284, 3, '50009M', 44, NULL, NULL, 0, NULL, 0, 0, 0, -44),
(285, 3, '50009MSC', 4, NULL, NULL, 0, NULL, 0, 0, 0, -4),
(286, 3, '50010', 18, NULL, NULL, 0, NULL, 0, 0, 0, -18),
(287, 3, '50010M', 12, NULL, NULL, 0, NULL, 0, 0, 0, -12),
(288, 3, '50010MSC', 5, NULL, NULL, 0, NULL, 0, 0, 0, -5),
(289, 3, '50010SC', 0, NULL, NULL, 0, NULL, 0, 0, 0, NULL),
(290, 3, '50018', 18, NULL, NULL, 0, NULL, 0, 0, 0, -18),
(291, 3, '50018M', 4, NULL, NULL, 0, NULL, 0, 0, 0, -4),
(292, 3, '50018MSC', 0, NULL, NULL, 0, NULL, 0, 0, 0, NULL),
(293, 3, '50018SC', 4, NULL, NULL, 0, NULL, 0, 0, 0, -4),
(294, 3, '53001A', 2, NULL, NULL, 0, NULL, 0, 0, 0, -2),
(295, 3, '53001ASC', 0, NULL, NULL, 0, NULL, 0, 0, 0, NULL),
(296, 3, '53001B', 28, NULL, NULL, 0, NULL, 0, 0, 0, -28),
(297, 3, '53001BSC', 1, NULL, NULL, 0, NULL, 0, 0, 0, -1),
(298, 3, '53005', 5, NULL, NULL, 0, NULL, 0, 0, 0, -5),
(299, 3, '53005SC', 0, NULL, NULL, 0, NULL, 0, 0, 0, NULL),
(300, 3, '53006', 16, NULL, NULL, 0, NULL, 0, 0, 0, -16),
(301, 3, '53004', 6, NULL, NULL, 0, NULL, 0, 0, 0, -6),
(302, 3, '53004SC', 2, NULL, NULL, 0, NULL, 0, 0, 0, -2),
(303, 3, '53006SC', 1, NULL, NULL, 0, NULL, 0, 0, 0, -1),
(304, 3, '50003', 253, NULL, NULL, 0, NULL, 0, 0, 0, -253),
(305, 3, '50003M', 58, NULL, NULL, 0, NULL, 0, 0, 0, -58),
(306, 3, '50003MSC', 3, NULL, NULL, 0, NULL, 0, 0, 0, -3),
(307, 3, '50003SC', 5, NULL, NULL, 0, NULL, 0, 0, 0, -5),
(308, 3, '50004', 2, NULL, NULL, 0, NULL, 0, 0, 0, -2),
(309, 3, '50004M', 0, NULL, NULL, 0, NULL, 0, 0, 0, NULL),
(310, 3, '50004MSC', 0, NULL, NULL, 0, NULL, 0, 0, 0, NULL),
(311, 3, '50004SC', 0, NULL, NULL, 0, NULL, 0, 0, 0, NULL),
(312, 3, '51002', 302, NULL, NULL, 0, NULL, 0, 0, 0, -302),
(313, 3, '51002SF', 5, NULL, NULL, 0, NULL, 0, 0, 0, -5),
(314, 3, '51002SFSC', 0, NULL, NULL, 0, NULL, 0, 0, 0, NULL),
(315, 3, '51002SC', 0, NULL, NULL, 0, NULL, 0, 0, 0, NULL),
(316, 3, '50002', 133, NULL, NULL, 0, NULL, 0, 0, 0, -133),
(317, 3, '50002M', 123, NULL, NULL, 0, NULL, 0, 0, 0, -123),
(318, 3, '50002MSC', 6, NULL, NULL, 0, NULL, 0, 0, 0, -6),
(319, 3, '50002SC', 2, NULL, NULL, 0, NULL, 0, 0, 0, -2),
(320, 3, '50025', 0, NULL, NULL, 0, NULL, 0, 0, 0, NULL),
(321, 3, '50025SC', 0, NULL, NULL, 0, NULL, 0, 0, 0, NULL),
(322, 3, '50024', 0, NULL, NULL, 0, NULL, 0, 0, 0, NULL),
(323, 3, '50024SC', 0, NULL, NULL, 0, NULL, 0, 0, 0, NULL),
(324, 3, '50023', 0, NULL, NULL, 0, NULL, 0, 0, 0, NULL),
(325, 3, '50023SC', 0, NULL, NULL, 0, NULL, 0, 0, 0, NULL),
(326, 3, '50026', 0, NULL, NULL, 0, NULL, 0, 0, 0, NULL),
(327, 3, '50026SC', 0, NULL, NULL, 0, NULL, 0, 0, 0, NULL),
(328, 3, '50027', 0, NULL, NULL, 0, NULL, 0, 0, 0, NULL),
(329, 3, '50027SC', 0, NULL, NULL, 0, NULL, 0, 0, 0, NULL),
(330, 3, '50028', 0, NULL, NULL, 0, NULL, 0, 0, 0, NULL),
(331, 3, '50028SC', 0, NULL, NULL, 0, NULL, 0, 0, 0, NULL),
(332, 3, '50022', 0, NULL, NULL, 0, NULL, 0, 0, 0, NULL),
(333, 3, '50022SC', 0, NULL, NULL, 0, NULL, 0, 0, 0, NULL),
(778, 8, '53009', 0, NULL, NULL, 0, NULL, 0, 0, 0, NULL),
(779, 8, '53009SC', 0, NULL, NULL, 0, NULL, 0, 0, 0, NULL),
(780, 8, '53008', 0, NULL, NULL, 0, NULL, 0, 0, 0, NULL),
(781, 8, '53008SC', 0, NULL, NULL, 0, NULL, 0, 0, 0, NULL),
(782, 8, '54007', 0, NULL, NULL, 0, NULL, 0, 0, 0, NULL),
(783, 8, '54007SC', 0, NULL, NULL, 0, NULL, 0, 0, 0, NULL),
(784, 8, '50001', 0, NULL, NULL, 0, NULL, 0, 0, 0, NULL),
(785, 8, '50001M', 0, NULL, NULL, 0, NULL, 0, 0, 0, NULL),
(786, 8, '50001MSC', 0, NULL, NULL, 0, NULL, 0, 0, 0, NULL),
(787, 8, '54001', 0, NULL, NULL, 0, NULL, 0, 0, 0, NULL),
(788, 8, '54001SC', 0, NULL, NULL, 0, NULL, 0, 0, 0, NULL),
(789, 8, '50001SC', 0, NULL, NULL, 0, NULL, 0, 0, 0, NULL),
(790, 8, '50006', 0, NULL, NULL, 0, NULL, 0, 0, 0, NULL),
(791, 8, '50006M', 0, NULL, NULL, 0, NULL, 0, 0, 0, NULL),
(792, 8, '50006MSC', 0, NULL, NULL, 0, NULL, 0, 0, 0, NULL),
(793, 8, '50006SC', 0, NULL, NULL, 0, NULL, 0, 0, 0, NULL),
(794, 8, '50005', 0, NULL, NULL, 0, NULL, 0, 0, 0, NULL),
(795, 8, '50005M', 0, NULL, NULL, 0, NULL, 0, 0, 0, NULL),
(796, 8, '50005MSC', 0, NULL, NULL, 0, NULL, 0, 0, 0, NULL),
(797, 8, '50005SC', 0, NULL, NULL, 0, NULL, 0, 0, 0, NULL),
(798, 8, '50029', 0, NULL, NULL, 0, NULL, 0, 0, 0, NULL),
(799, 8, '50029M', 0, NULL, NULL, 0, NULL, 0, 0, 0, NULL),
(800, 8, '50029MSC', 0, NULL, NULL, 0, NULL, 0, 0, 0, NULL),
(801, 8, '50029SC', 0, NULL, NULL, 0, NULL, 0, 0, 0, NULL),
(802, 8, '50030', 0, NULL, NULL, 0, NULL, 0, 0, 0, NULL),
(803, 8, '50030SC', 0, NULL, NULL, 0, NULL, 0, 0, 0, NULL),
(804, 8, '50016', 0, NULL, NULL, 0, NULL, 0, 0, 0, NULL),
(805, 8, '50016SC', 0, NULL, NULL, 0, NULL, 0, 0, 0, NULL),
(806, 8, '50013', 0, NULL, NULL, 0, NULL, 0, 0, 0, NULL),
(807, 8, '50013SC', 0, NULL, NULL, 0, NULL, 0, 0, 0, NULL),
(808, 8, '50012', 0, NULL, NULL, 0, NULL, 0, 0, 0, NULL),
(809, 8, '50012SC', 0, NULL, NULL, 0, NULL, 0, 0, 0, NULL),
(810, 8, '50011', 0, NULL, NULL, 0, NULL, 0, 0, 0, NULL),
(811, 8, '50011SC', 0, NULL, NULL, 0, NULL, 0, 0, 0, NULL),
(812, 8, '50014', 0, NULL, NULL, 0, NULL, 0, 0, 0, NULL),
(813, 8, '50014CS', 0, NULL, NULL, 0, NULL, 0, 0, 0, NULL),
(814, 8, '50015', 0, NULL, NULL, 0, NULL, 0, 0, 0, NULL),
(815, 8, '50015SC', 0, NULL, NULL, 0, NULL, 0, 0, 0, NULL),
(816, 8, '53003', 0, NULL, NULL, 0, NULL, 0, 0, 0, NULL),
(817, 8, '53003SC', 0, NULL, NULL, 0, NULL, 0, 0, 0, NULL),
(818, 8, '50007', 0, NULL, NULL, 0, NULL, 0, 0, 0, NULL),
(819, 8, '50007M', 0, NULL, NULL, 0, NULL, 0, 0, 0, NULL),
(820, 8, '50007MSC', 0, NULL, NULL, 0, NULL, 0, 0, 0, NULL),
(821, 8, '50007SC', 0, NULL, NULL, 0, NULL, 0, 0, 0, NULL),
(822, 8, '50008', 0, NULL, NULL, 0, NULL, 0, 0, 0, NULL),
(823, 8, '50008M', 0, NULL, NULL, 0, NULL, 0, 0, 0, NULL),
(824, 8, '50008MSC', 0, NULL, NULL, 0, NULL, 0, 0, 0, NULL),
(825, 8, '50008SC', 0, NULL, NULL, 0, NULL, 0, 0, 0, NULL),
(826, 8, '50019', 0, NULL, NULL, 0, NULL, 0, 0, 0, NULL),
(827, 8, '50019M', 0, NULL, NULL, 0, NULL, 0, 0, 0, NULL),
(828, 8, '50019MSC', 0, NULL, NULL, 0, NULL, 0, 0, 0, NULL),
(829, 8, '50019SC', 0, NULL, NULL, 0, NULL, 0, 0, 0, NULL),
(830, 8, '53002A', 0, NULL, NULL, 0, NULL, 0, 0, 0, NULL),
(831, 8, '53002ASC', 0, NULL, NULL, 0, NULL, 0, 0, 0, NULL),
(832, 8, '53002BSC', 0, NULL, NULL, 0, NULL, 0, 0, 0, NULL),
(833, 8, '53002B', 0, NULL, NULL, 0, NULL, 0, 0, 0, NULL),
(834, 8, '54003', 0, NULL, NULL, 0, NULL, 0, 0, 0, NULL),
(835, 8, '54003SC', 0, NULL, NULL, 0, NULL, 0, 0, 0, NULL),
(836, 8, '51002H', 0, NULL, NULL, 0, NULL, 0, 0, 0, NULL),
(837, 8, '51002HSC', 0, NULL, NULL, 0, NULL, 0, 0, 0, NULL),
(838, 8, '50009', 0, NULL, NULL, 0, NULL, 0, 0, 0, NULL),
(839, 8, '50009M', 0, NULL, NULL, 0, NULL, 0, 0, 0, NULL),
(840, 8, '50009MSC', 0, NULL, NULL, 0, NULL, 0, 0, 0, NULL),
(841, 8, '50010', 0, NULL, NULL, 0, NULL, 0, 0, 0, NULL),
(842, 8, '50010M', 0, NULL, NULL, 0, NULL, 0, 0, 0, NULL),
(843, 8, '50010MSC', 0, NULL, NULL, 0, NULL, 0, 0, 0, NULL),
(844, 8, '50010SC', 0, NULL, NULL, 0, NULL, 0, 0, 0, NULL),
(845, 8, '50018', 0, NULL, NULL, 0, NULL, 0, 0, 0, NULL),
(846, 8, '50018M', 0, NULL, NULL, 0, NULL, 0, 0, 0, NULL),
(847, 8, '50018MSC', 0, NULL, NULL, 0, NULL, 0, 0, 0, NULL),
(848, 8, '50018SC', 0, NULL, NULL, 0, NULL, 0, 0, 0, NULL),
(849, 8, '53001A', 0, NULL, NULL, 0, NULL, 0, 0, 0, NULL),
(850, 8, '53001ASC', 0, NULL, NULL, 0, NULL, 0, 0, 0, NULL),
(851, 8, '53001B', 0, NULL, NULL, 0, NULL, 0, 0, 0, NULL),
(852, 8, '53001BSC', 0, NULL, NULL, 0, NULL, 0, 0, 0, NULL),
(853, 8, '53005', 0, NULL, NULL, 0, NULL, 0, 0, 0, NULL),
(854, 8, '53005SC', 0, NULL, NULL, 0, NULL, 0, 0, 0, NULL),
(855, 8, '53006', 0, NULL, NULL, 0, NULL, 0, 0, 0, NULL),
(856, 8, '53004', 0, NULL, NULL, 0, NULL, 0, 0, 0, NULL),
(857, 8, '53004SC', 0, NULL, NULL, 0, NULL, 0, 0, 0, NULL),
(858, 8, '53006SC', 0, NULL, NULL, 0, NULL, 0, 0, 0, NULL),
(859, 8, '50003', 0, NULL, NULL, 0, NULL, 0, 0, 0, NULL),
(860, 8, '50003M', 0, NULL, NULL, 0, NULL, 0, 0, 0, NULL),
(861, 8, '50003MSC', 0, NULL, NULL, 0, NULL, 0, 0, 0, NULL),
(862, 8, '50003SC', 0, NULL, NULL, 0, NULL, 0, 0, 0, NULL),
(863, 8, '50004', 0, NULL, NULL, 0, NULL, 0, 0, 0, NULL),
(864, 8, '50004M', 0, NULL, NULL, 0, NULL, 0, 0, 0, NULL),
(865, 8, '50004MSC', 0, NULL, NULL, 0, NULL, 0, 0, 0, NULL),
(866, 8, '50004SC', 0, NULL, NULL, 0, NULL, 0, 0, 0, NULL),
(867, 8, '51002', 0, NULL, NULL, 0, NULL, 0, 0, 0, NULL),
(868, 8, '51002SF', 0, NULL, NULL, 0, NULL, 0, 0, 0, NULL),
(869, 8, '51002SFSC', 0, NULL, NULL, 0, NULL, 0, 0, 0, NULL),
(870, 8, '51002SC', 0, NULL, NULL, 0, NULL, 0, 0, 0, NULL),
(871, 8, '50002', 0, NULL, NULL, 0, NULL, 0, 0, 0, NULL),
(872, 8, '50002M', 0, NULL, NULL, 0, NULL, 0, 0, 0, NULL),
(873, 8, '50002MSC', 0, NULL, NULL, 0, NULL, 0, 0, 0, NULL),
(874, 8, '50002SC', 0, NULL, NULL, 0, NULL, 0, 0, 0, NULL),
(875, 8, '50025', 0, NULL, NULL, 0, NULL, 0, 0, 0, NULL),
(876, 8, '50025SC', 0, NULL, NULL, 0, NULL, 0, 0, 0, NULL),
(877, 8, '50024', 0, NULL, NULL, 0, NULL, 0, 0, 0, NULL),
(878, 8, '50024SC', 0, NULL, NULL, 0, NULL, 0, 0, 0, NULL),
(879, 8, '50023', 0, NULL, NULL, 0, NULL, 0, 0, 0, NULL),
(880, 8, '50023SC', 0, NULL, NULL, 0, NULL, 0, 0, 0, NULL),
(881, 8, '50026', 0, NULL, NULL, 0, NULL, 0, 0, 0, NULL),
(882, 8, '50026SC', 0, NULL, NULL, 0, NULL, 0, 0, 0, NULL),
(883, 8, '50027', 0, NULL, NULL, 0, NULL, 0, 0, 0, NULL),
(884, 8, '50027SC', 0, NULL, NULL, 0, NULL, 0, 0, 0, NULL),
(885, 8, '50028', 0, NULL, NULL, 0, NULL, 0, 0, 0, NULL),
(886, 8, '50028SC', 0, NULL, NULL, 0, NULL, 0, 0, 0, NULL),
(887, 8, '50022', 0, NULL, NULL, 0, NULL, 0, 0, 0, NULL),
(888, 8, '50022SC', 0, NULL, NULL, 0, NULL, 0, 0, 0, NULL),
(889, 9, '53009', 0, NULL, NULL, 0, NULL, 0, 0, 0, NULL),
(890, 9, '53009SC', 0, NULL, NULL, 0, NULL, 0, 0, 0, NULL),
(891, 9, '53008', 0, NULL, NULL, 0, NULL, 0, 0, 0, NULL),
(892, 9, '53008SC', 0, NULL, NULL, 0, NULL, 0, 0, 0, NULL),
(893, 9, '54007', 0, NULL, NULL, 0, NULL, 0, 0, 0, NULL),
(894, 9, '54007SC', 0, NULL, NULL, 0, NULL, 0, 0, 0, NULL),
(895, 9, '50001', 0, NULL, NULL, 0, NULL, 0, 0, 0, NULL),
(896, 9, '50001M', 0, NULL, NULL, 0, NULL, 0, 0, 0, NULL),
(897, 9, '50001MSC', 0, NULL, NULL, 0, NULL, 0, 0, 0, NULL),
(898, 9, '54001', 0, NULL, NULL, 0, NULL, 0, 0, 0, NULL),
(899, 9, '54001SC', 0, NULL, NULL, 0, NULL, 0, 0, 0, NULL),
(900, 9, '50001SC', 0, NULL, NULL, 0, NULL, 0, 0, 0, NULL),
(901, 9, '50006', 0, NULL, NULL, 0, NULL, 0, 0, 0, NULL),
(902, 9, '50006M', 0, NULL, NULL, 0, NULL, 0, 0, 0, NULL),
(903, 9, '50006MSC', 0, NULL, NULL, 0, NULL, 0, 0, 0, NULL),
(904, 9, '50006SC', 0, NULL, NULL, 0, NULL, 0, 0, 0, NULL),
(905, 9, '50005', 0, NULL, NULL, 0, NULL, 0, 0, 0, NULL),
(906, 9, '50005M', 0, NULL, NULL, 0, NULL, 0, 0, 0, NULL),
(907, 9, '50005MSC', 0, NULL, NULL, 0, NULL, 0, 0, 0, NULL),
(908, 9, '50005SC', 0, NULL, NULL, 0, NULL, 0, 0, 0, NULL),
(909, 9, '50029', 0, NULL, NULL, 0, NULL, 0, 0, 0, NULL),
(910, 9, '50029M', 0, NULL, NULL, 0, NULL, 0, 0, 0, NULL),
(911, 9, '50029MSC', 0, NULL, NULL, 0, NULL, 0, 0, 0, NULL),
(912, 9, '50029SC', 0, NULL, NULL, 0, NULL, 0, 0, 0, NULL),
(913, 9, '50030', 0, NULL, NULL, 0, NULL, 0, 0, 0, NULL),
(914, 9, '50030SC', 0, NULL, NULL, 0, NULL, 0, 0, 0, NULL),
(915, 9, '50016', 0, NULL, NULL, 0, NULL, 0, 0, 0, NULL),
(916, 9, '50016SC', 0, NULL, NULL, 0, NULL, 0, 0, 0, NULL),
(917, 9, '50013', 0, NULL, NULL, 0, NULL, 0, 0, 0, NULL),
(918, 9, '50013SC', 0, NULL, NULL, 0, NULL, 0, 0, 0, NULL),
(919, 9, '50012', 0, NULL, NULL, 0, NULL, 0, 0, 0, NULL),
(920, 9, '50012SC', 0, NULL, NULL, 0, NULL, 0, 0, 0, NULL),
(921, 9, '50011', 0, NULL, NULL, 0, NULL, 0, 0, 0, NULL),
(922, 9, '50011SC', 0, NULL, NULL, 0, NULL, 0, 0, 0, NULL),
(923, 9, '50014', 0, NULL, NULL, 0, NULL, 0, 0, 0, NULL),
(924, 9, '50014CS', 0, NULL, NULL, 0, NULL, 0, 0, 0, NULL),
(925, 9, '50015', 0, NULL, NULL, 0, NULL, 0, 0, 0, NULL),
(926, 9, '50015SC', 0, NULL, NULL, 0, NULL, 0, 0, 0, NULL),
(927, 9, '53003', 0, NULL, NULL, 0, NULL, 0, 0, 0, NULL),
(928, 9, '53003SC', 0, NULL, NULL, 0, NULL, 0, 0, 0, NULL),
(929, 9, '50007', 0, NULL, NULL, 0, NULL, 0, 0, 0, NULL),
(930, 9, '50007M', 0, NULL, NULL, 0, NULL, 0, 0, 0, NULL),
(931, 9, '50007MSC', 0, NULL, NULL, 0, NULL, 0, 0, 0, NULL),
(932, 9, '50007SC', 0, NULL, NULL, 0, NULL, 0, 0, 0, NULL),
(933, 9, '50008', 0, NULL, NULL, 0, NULL, 0, 0, 0, NULL),
(934, 9, '50008M', 0, NULL, NULL, 0, NULL, 0, 0, 0, NULL),
(935, 9, '50008MSC', 0, NULL, NULL, 0, NULL, 0, 0, 0, NULL),
(936, 9, '50008SC', 0, NULL, NULL, 0, NULL, 0, 0, 0, NULL),
(937, 9, '50019', 0, NULL, NULL, 0, NULL, 0, 0, 0, NULL),
(938, 9, '50019M', 0, NULL, NULL, 0, NULL, 0, 0, 0, NULL),
(939, 9, '50019MSC', 0, NULL, NULL, 0, NULL, 0, 0, 0, NULL),
(940, 9, '50019SC', 0, NULL, NULL, 0, NULL, 0, 0, 0, NULL),
(941, 9, '53002A', 0, NULL, NULL, 0, NULL, 0, 0, 0, NULL),
(942, 9, '53002ASC', 0, NULL, NULL, 0, NULL, 0, 0, 0, NULL),
(943, 9, '53002BSC', 0, NULL, NULL, 0, NULL, 0, 0, 0, NULL),
(944, 9, '53002B', 0, NULL, NULL, 0, NULL, 0, 0, 0, NULL),
(945, 9, '54003', 0, NULL, NULL, 0, NULL, 0, 0, 0, NULL),
(946, 9, '54003SC', 0, NULL, NULL, 0, NULL, 0, 0, 0, NULL),
(947, 9, '51002H', 0, NULL, NULL, 0, NULL, 0, 0, 0, NULL),
(948, 9, '51002HSC', 0, NULL, NULL, 0, NULL, 0, 0, 0, NULL),
(949, 9, '50009', 0, NULL, NULL, 0, NULL, 0, 0, 0, NULL),
(950, 9, '50009M', 0, NULL, NULL, 0, NULL, 0, 0, 0, NULL),
(951, 9, '50009MSC', 0, NULL, NULL, 0, NULL, 0, 0, 0, NULL),
(952, 9, '50010', 0, NULL, NULL, 0, NULL, 0, 0, 0, NULL),
(953, 9, '50010M', 0, NULL, NULL, 0, NULL, 0, 0, 0, NULL),
(954, 9, '50010MSC', 0, NULL, NULL, 0, NULL, 0, 0, 0, NULL),
(955, 9, '50010SC', 0, NULL, NULL, 0, NULL, 0, 0, 0, NULL),
(956, 9, '50018', 0, NULL, NULL, 0, NULL, 0, 0, 0, NULL),
(957, 9, '50018M', 0, NULL, NULL, 0, NULL, 0, 0, 0, NULL),
(958, 9, '50018MSC', 0, NULL, NULL, 0, NULL, 0, 0, 0, NULL),
(959, 9, '50018SC', 0, NULL, NULL, 0, NULL, 0, 0, 0, NULL),
(960, 9, '53001A', 0, NULL, NULL, 0, NULL, 0, 0, 0, NULL),
(961, 9, '53001ASC', 0, NULL, NULL, 0, NULL, 0, 0, 0, NULL),
(962, 9, '53001B', 0, NULL, NULL, 0, NULL, 0, 0, 0, NULL),
(963, 9, '53001BSC', 0, NULL, NULL, 0, NULL, 0, 0, 0, NULL),
(964, 9, '53005', 0, NULL, NULL, 0, NULL, 0, 0, 0, NULL),
(965, 9, '53005SC', 0, NULL, NULL, 0, NULL, 0, 0, 0, NULL),
(966, 9, '53006', 0, NULL, NULL, 0, NULL, 0, 0, 0, NULL),
(967, 9, '53004', 0, NULL, NULL, 0, NULL, 0, 0, 0, NULL),
(968, 9, '53004SC', 0, NULL, NULL, 0, NULL, 0, 0, 0, NULL),
(969, 9, '53006SC', 0, NULL, NULL, 0, NULL, 0, 0, 0, NULL),
(970, 9, '50003', 0, NULL, NULL, 0, NULL, 0, 0, 0, NULL),
(971, 9, '50003M', 0, NULL, NULL, 0, NULL, 0, 0, 0, NULL),
(972, 9, '50003MSC', 0, NULL, NULL, 0, NULL, 0, 0, 0, NULL),
(973, 9, '50003SC', 0, NULL, NULL, 0, NULL, 0, 0, 0, NULL),
(974, 9, '50004', 0, NULL, NULL, 0, NULL, 0, 0, 0, NULL),
(975, 9, '50004M', 0, NULL, NULL, 0, NULL, 0, 0, 0, NULL),
(976, 9, '50004MSC', 0, NULL, NULL, 0, NULL, 0, 0, 0, NULL),
(977, 9, '50004SC', 0, NULL, NULL, 0, NULL, 0, 0, 0, NULL),
(978, 9, '51002', 0, NULL, NULL, 0, NULL, 0, 0, 0, NULL),
(979, 9, '51002SF', 0, NULL, NULL, 0, NULL, 0, 0, 0, NULL),
(980, 9, '51002SFSC', 0, NULL, NULL, 0, NULL, 0, 0, 0, NULL),
(981, 9, '51002SC', 0, NULL, NULL, 0, NULL, 0, 0, 0, NULL),
(982, 9, '50002', 0, NULL, NULL, 0, NULL, 0, 0, 0, NULL),
(983, 9, '50002M', 0, NULL, NULL, 0, NULL, 0, 0, 0, NULL),
(984, 9, '50002MSC', 0, NULL, NULL, 0, NULL, 0, 0, 0, NULL),
(985, 9, '50002SC', 0, NULL, NULL, 0, NULL, 0, 0, 0, NULL),
(986, 9, '50025', 0, NULL, NULL, 0, NULL, 0, 0, 0, NULL),
(987, 9, '50025SC', 0, NULL, NULL, 0, NULL, 0, 0, 0, NULL),
(988, 9, '50024', 0, NULL, NULL, 0, NULL, 0, 0, 0, NULL),
(989, 9, '50024SC', 0, NULL, NULL, 0, NULL, 0, 0, 0, NULL),
(990, 9, '50023', 0, NULL, NULL, 0, NULL, 0, 0, 0, NULL),
(991, 9, '50023SC', 0, NULL, NULL, 0, NULL, 0, 0, 0, NULL),
(992, 9, '50026', 0, NULL, NULL, 0, NULL, 0, 0, 0, NULL),
(993, 9, '50026SC', 0, NULL, NULL, 0, NULL, 0, 0, 0, NULL),
(994, 9, '50027', 0, NULL, NULL, 0, NULL, 0, 0, 0, NULL),
(995, 9, '50027SC', 0, NULL, NULL, 0, NULL, 0, 0, 0, NULL),
(996, 9, '50028', 0, NULL, NULL, 0, NULL, 0, 0, 0, NULL),
(997, 9, '50028SC', 0, NULL, NULL, 0, NULL, 0, 0, 0, NULL),
(998, 9, '50022', 0, NULL, NULL, 0, NULL, 0, 0, 0, NULL),
(999, 9, '50022SC', 0, NULL, NULL, 0, NULL, 0, 0, 0, NULL),
(1000, 10, '53009', 0, NULL, NULL, 0, NULL, 0, 0, 0, NULL),
(1001, 10, '53009SC', 0, NULL, NULL, 0, NULL, 0, 0, 0, NULL),
(1002, 10, '53008', 0, NULL, NULL, 0, NULL, 0, 0, 0, NULL),
(1003, 10, '53008SC', 0, NULL, NULL, 0, NULL, 0, 0, 0, NULL),
(1004, 10, '54007', 0, NULL, NULL, 0, NULL, 0, 0, 0, NULL),
(1005, 10, '54007SC', 0, NULL, NULL, 0, NULL, 0, 0, 0, NULL),
(1006, 10, '50001', 0, NULL, NULL, 0, NULL, 0, 0, 0, NULL),
(1007, 10, '50001M', 0, NULL, NULL, 0, NULL, 0, 0, 0, NULL),
(1008, 10, '50001MSC', 0, NULL, NULL, 0, NULL, 0, 0, 0, NULL),
(1009, 10, '54001', 0, NULL, NULL, 0, NULL, 0, 0, 0, NULL),
(1010, 10, '54001SC', 0, NULL, NULL, 0, NULL, 0, 0, 0, NULL),
(1011, 10, '50001SC', 0, NULL, NULL, 0, NULL, 0, 0, 0, NULL),
(1012, 10, '50006', 0, NULL, NULL, 0, NULL, 0, 0, 0, NULL),
(1013, 10, '50006M', 0, NULL, NULL, 0, NULL, 0, 0, 0, NULL),
(1014, 10, '50006MSC', 0, NULL, NULL, 0, NULL, 0, 0, 0, NULL),
(1015, 10, '50006SC', 0, NULL, NULL, 0, NULL, 0, 0, 0, NULL),
(1016, 10, '50005', 0, NULL, NULL, 0, NULL, 0, 0, 0, NULL),
(1017, 10, '50005M', 0, NULL, NULL, 0, NULL, 0, 0, 0, NULL),
(1018, 10, '50005MSC', 0, NULL, NULL, 0, NULL, 0, 0, 0, NULL),
(1019, 10, '50005SC', 0, NULL, NULL, 0, NULL, 0, 0, 0, NULL),
(1020, 10, '50029', 0, NULL, NULL, 0, NULL, 0, 0, 0, NULL),
(1021, 10, '50029M', 0, NULL, NULL, 0, NULL, 0, 0, 0, NULL),
(1022, 10, '50029MSC', 0, NULL, NULL, 0, NULL, 0, 0, 0, NULL),
(1023, 10, '50029SC', 0, NULL, NULL, 0, NULL, 0, 0, 0, NULL),
(1024, 10, '50030', 0, NULL, NULL, 0, NULL, 0, 0, 0, NULL),
(1025, 10, '50030SC', 0, NULL, NULL, 0, NULL, 0, 0, 0, NULL),
(1026, 10, '50016', 0, NULL, NULL, 0, NULL, 0, 0, 0, NULL),
(1027, 10, '50016SC', 0, NULL, NULL, 0, NULL, 0, 0, 0, NULL),
(1028, 10, '50013', 0, NULL, NULL, 0, NULL, 0, 0, 0, NULL),
(1029, 10, '50013SC', 0, NULL, NULL, 0, NULL, 0, 0, 0, NULL),
(1030, 10, '50012', 0, NULL, NULL, 0, NULL, 0, 0, 0, NULL),
(1031, 10, '50012SC', 0, NULL, NULL, 0, NULL, 0, 0, 0, NULL),
(1032, 10, '50011', 0, NULL, NULL, 0, NULL, 0, 0, 0, NULL),
(1033, 10, '50011SC', 0, NULL, NULL, 0, NULL, 0, 0, 0, NULL),
(1034, 10, '50014', 0, NULL, NULL, 0, NULL, 0, 0, 0, NULL),
(1035, 10, '50014CS', 0, NULL, NULL, 0, NULL, 0, 0, 0, NULL),
(1036, 10, '50015', 0, NULL, NULL, 0, NULL, 0, 0, 0, NULL),
(1037, 10, '50015SC', 0, NULL, NULL, 0, NULL, 0, 0, 0, NULL),
(1038, 10, '53003', 0, NULL, NULL, 0, NULL, 0, 0, 0, NULL),
(1039, 10, '53003SC', 0, NULL, NULL, 0, NULL, 0, 0, 0, NULL),
(1040, 10, '50007', 0, NULL, NULL, 0, NULL, 0, 0, 0, NULL),
(1041, 10, '50007M', 0, NULL, NULL, 0, NULL, 0, 0, 0, NULL),
(1042, 10, '50007MSC', 0, NULL, NULL, 0, NULL, 0, 0, 0, NULL),
(1043, 10, '50007SC', 0, NULL, NULL, 0, NULL, 0, 0, 0, NULL),
(1044, 10, '50008', 0, NULL, NULL, 0, NULL, 0, 0, 0, NULL),
(1045, 10, '50008M', 0, NULL, NULL, 0, NULL, 0, 0, 0, NULL),
(1046, 10, '50008MSC', 0, NULL, NULL, 0, NULL, 0, 0, 0, NULL),
(1047, 10, '50008SC', 0, NULL, NULL, 0, NULL, 0, 0, 0, NULL),
(1048, 10, '50019', 0, NULL, NULL, 0, NULL, 0, 0, 0, NULL),
(1049, 10, '50019M', 0, NULL, NULL, 0, NULL, 0, 0, 0, NULL),
(1050, 10, '50019MSC', 0, NULL, NULL, 0, NULL, 0, 0, 0, NULL),
(1051, 10, '50019SC', 0, NULL, NULL, 0, NULL, 0, 0, 0, NULL),
(1052, 10, '53002A', 0, NULL, NULL, 0, NULL, 0, 0, 0, NULL),
(1053, 10, '53002ASC', 0, NULL, NULL, 0, NULL, 0, 0, 0, NULL),
(1054, 10, '53002BSC', 0, NULL, NULL, 0, NULL, 0, 0, 0, NULL),
(1055, 10, '53002B', 0, NULL, NULL, 0, NULL, 0, 0, 0, NULL),
(1056, 10, '54003', 0, NULL, NULL, 0, NULL, 0, 0, 0, NULL),
(1057, 10, '54003SC', 0, NULL, NULL, 0, NULL, 0, 0, 0, NULL),
(1058, 10, '51002H', 0, NULL, NULL, 0, NULL, 0, 0, 0, NULL),
(1059, 10, '51002HSC', 0, NULL, NULL, 0, NULL, 0, 0, 0, NULL),
(1060, 10, '50009', 0, NULL, NULL, 0, NULL, 0, 0, 0, NULL),
(1061, 10, '50009M', 0, NULL, NULL, 0, NULL, 0, 0, 0, NULL),
(1062, 10, '50009MSC', 0, NULL, NULL, 0, NULL, 0, 0, 0, NULL),
(1063, 10, '50010', 0, NULL, NULL, 0, NULL, 0, 0, 0, NULL),
(1064, 10, '50010M', 0, NULL, NULL, 0, NULL, 0, 0, 0, NULL),
(1065, 10, '50010MSC', 0, NULL, NULL, 0, NULL, 0, 0, 0, NULL),
(1066, 10, '50010SC', 0, NULL, NULL, 0, NULL, 0, 0, 0, NULL),
(1067, 10, '50018', 0, NULL, NULL, 0, NULL, 0, 0, 0, NULL),
(1068, 10, '50018M', 0, NULL, NULL, 0, NULL, 0, 0, 0, NULL),
(1069, 10, '50018MSC', 0, NULL, NULL, 0, NULL, 0, 0, 0, NULL),
(1070, 10, '50018SC', 0, NULL, NULL, 0, NULL, 0, 0, 0, NULL),
(1071, 10, '53001A', 0, NULL, NULL, 0, NULL, 0, 0, 0, NULL),
(1072, 10, '53001ASC', 0, NULL, NULL, 0, NULL, 0, 0, 0, NULL),
(1073, 10, '53001B', 0, NULL, NULL, 0, NULL, 0, 0, 0, NULL),
(1074, 10, '53001BSC', 0, NULL, NULL, 0, NULL, 0, 0, 0, NULL),
(1075, 10, '53005', 0, NULL, NULL, 0, NULL, 0, 0, 0, NULL),
(1076, 10, '53005SC', 0, NULL, NULL, 0, NULL, 0, 0, 0, NULL),
(1077, 10, '53006', 0, NULL, NULL, 0, NULL, 0, 0, 0, NULL),
(1078, 10, '53004', 0, NULL, NULL, 0, NULL, 0, 0, 0, NULL),
(1079, 10, '53004SC', 0, NULL, NULL, 0, NULL, 0, 0, 0, NULL),
(1080, 10, '53006SC', 0, NULL, NULL, 0, NULL, 0, 0, 0, NULL),
(1081, 10, '50003', 0, NULL, NULL, 0, NULL, 0, 0, 0, NULL),
(1082, 10, '50003M', 0, NULL, NULL, 0, NULL, 0, 0, 0, NULL),
(1083, 10, '50003MSC', 0, NULL, NULL, 0, NULL, 0, 0, 0, NULL),
(1084, 10, '50003SC', 0, NULL, NULL, 0, NULL, 0, 0, 0, NULL),
(1085, 10, '50004', 0, NULL, NULL, 0, NULL, 0, 0, 0, NULL),
(1086, 10, '50004M', 0, NULL, NULL, 0, NULL, 0, 0, 0, NULL),
(1087, 10, '50004MSC', 0, NULL, NULL, 0, NULL, 0, 0, 0, NULL),
(1088, 10, '50004SC', 0, NULL, NULL, 0, NULL, 0, 0, 0, NULL),
(1089, 10, '51002', 0, NULL, NULL, 0, NULL, 0, 0, 0, NULL),
(1090, 10, '51002SF', 0, NULL, NULL, 0, NULL, 0, 0, 0, NULL),
(1091, 10, '51002SFSC', 0, NULL, NULL, 0, NULL, 0, 0, 0, NULL),
(1092, 10, '51002SC', 0, NULL, NULL, 0, NULL, 0, 0, 0, NULL),
(1093, 10, '50002', 0, NULL, NULL, 0, NULL, 0, 0, 0, NULL),
(1094, 10, '50002M', 0, NULL, NULL, 0, NULL, 0, 0, 0, NULL),
(1095, 10, '50002MSC', 0, NULL, NULL, 0, NULL, 0, 0, 0, NULL),
(1096, 10, '50002SC', 0, NULL, NULL, 0, NULL, 0, 0, 0, NULL),
(1097, 10, '50025', 0, NULL, NULL, 0, NULL, 0, 0, 0, NULL),
(1098, 10, '50025SC', 0, NULL, NULL, 0, NULL, 0, 0, 0, NULL),
(1099, 10, '50024', 0, NULL, NULL, 0, NULL, 0, 0, 0, NULL),
(1100, 10, '50024SC', 0, NULL, NULL, 0, NULL, 0, 0, 0, NULL),
(1101, 10, '50023', 0, NULL, NULL, 0, NULL, 0, 0, 0, NULL),
(1102, 10, '50023SC', 0, NULL, NULL, 0, NULL, 0, 0, 0, NULL),
(1103, 10, '50026', 0, NULL, NULL, 0, NULL, 0, 0, 0, NULL),
(1104, 10, '50026SC', 0, NULL, NULL, 0, NULL, 0, 0, 0, NULL),
(1105, 10, '50027', 0, NULL, NULL, 0, NULL, 0, 0, 0, NULL),
(1106, 10, '50027SC', 0, NULL, NULL, 0, NULL, 0, 0, 0, NULL),
(1107, 10, '50028', 0, NULL, NULL, 0, NULL, 0, 0, 0, NULL),
(1108, 10, '50028SC', 0, NULL, NULL, 0, NULL, 0, 0, 0, NULL),
(1109, 10, '50022', 0, NULL, NULL, 0, NULL, 0, 0, 0, NULL),
(1110, 10, '50022SC', 0, NULL, NULL, 0, NULL, 0, 0, 0, NULL),
(1111, 11, '53009', 0, NULL, NULL, 0, NULL, 0, 0, 0, NULL),
(1112, 11, '53009SC', 0, NULL, NULL, 0, NULL, 0, 0, 0, NULL),
(1113, 11, '53008', 0, NULL, NULL, 0, NULL, 0, 0, 0, NULL),
(1114, 11, '53008SC', 0, NULL, NULL, 0, NULL, 0, 0, 0, NULL),
(1115, 11, '54007', 0, NULL, NULL, 0, NULL, 0, 0, 0, NULL),
(1116, 11, '54007SC', 0, NULL, NULL, 0, NULL, 0, 0, 0, NULL),
(1117, 11, '50001', 0, NULL, NULL, 0, NULL, 0, 0, 0, NULL),
(1118, 11, '50001M', 0, NULL, NULL, 0, NULL, 0, 0, 0, NULL),
(1119, 11, '50001MSC', 0, NULL, NULL, 0, NULL, 0, 0, 0, NULL),
(1120, 11, '54001', 0, NULL, NULL, 0, NULL, 0, 0, 0, NULL),
(1121, 11, '54001SC', 0, NULL, NULL, 0, NULL, 0, 0, 0, NULL),
(1122, 11, '50001SC', 0, NULL, NULL, 0, NULL, 0, 0, 0, NULL),
(1123, 11, '50006', 0, NULL, NULL, 0, NULL, 0, 0, 0, NULL),
(1124, 11, '50006M', 0, NULL, NULL, 0, NULL, 0, 0, 0, NULL),
(1125, 11, '50006MSC', 0, NULL, NULL, 0, NULL, 0, 0, 0, NULL),
(1126, 11, '50006SC', 0, NULL, NULL, 0, NULL, 0, 0, 0, NULL),
(1127, 11, '50005', 0, NULL, NULL, 0, NULL, 0, 0, 0, NULL),
(1128, 11, '50005M', 0, NULL, NULL, 0, NULL, 0, 0, 0, NULL),
(1129, 11, '50005MSC', 0, NULL, NULL, 0, NULL, 0, 0, 0, NULL),
(1130, 11, '50005SC', 0, NULL, NULL, 0, NULL, 0, 0, 0, NULL),
(1131, 11, '50029', 0, NULL, NULL, 0, NULL, 0, 0, 0, NULL),
(1132, 11, '50029M', 0, NULL, NULL, 0, NULL, 0, 0, 0, NULL),
(1133, 11, '50029MSC', 0, NULL, NULL, 0, NULL, 0, 0, 0, NULL),
(1134, 11, '50029SC', 0, NULL, NULL, 0, NULL, 0, 0, 0, NULL),
(1135, 11, '50030', 0, NULL, NULL, 0, NULL, 0, 0, 0, NULL),
(1136, 11, '50030SC', 0, NULL, NULL, 0, NULL, 0, 0, 0, NULL),
(1137, 11, '50016', 0, NULL, NULL, 0, NULL, 0, 0, 0, NULL),
(1138, 11, '50016SC', 0, NULL, NULL, 0, NULL, 0, 0, 0, NULL),
(1139, 11, '50013', 0, NULL, NULL, 0, NULL, 0, 0, 0, NULL),
(1140, 11, '50013SC', 0, NULL, NULL, 0, NULL, 0, 0, 0, NULL),
(1141, 11, '50012', 0, NULL, NULL, 0, NULL, 0, 0, 0, NULL),
(1142, 11, '50012SC', 0, NULL, NULL, 0, NULL, 0, 0, 0, NULL),
(1143, 11, '50011', 0, NULL, NULL, 0, NULL, 0, 0, 0, NULL),
(1144, 11, '50011SC', 0, NULL, NULL, 0, NULL, 0, 0, 0, NULL),
(1145, 11, '50014', 0, NULL, NULL, 0, NULL, 0, 0, 0, NULL),
(1146, 11, '50014CS', 0, NULL, NULL, 0, NULL, 0, 0, 0, NULL),
(1147, 11, '50015', 0, NULL, NULL, 0, NULL, 0, 0, 0, NULL),
(1148, 11, '50015SC', 0, NULL, NULL, 0, NULL, 0, 0, 0, NULL),
(1149, 11, '53003', 0, NULL, NULL, 0, NULL, 0, 0, 0, NULL),
(1150, 11, '53003SC', 0, NULL, NULL, 0, NULL, 0, 0, 0, NULL),
(1151, 11, '50007', 0, NULL, NULL, 0, NULL, 0, 0, 0, NULL),
(1152, 11, '50007M', 0, NULL, NULL, 0, NULL, 0, 0, 0, NULL),
(1153, 11, '50007MSC', 0, NULL, NULL, 0, NULL, 0, 0, 0, NULL),
(1154, 11, '50007SC', 0, NULL, NULL, 0, NULL, 0, 0, 0, NULL),
(1155, 11, '50008', 0, NULL, NULL, 0, NULL, 0, 0, 0, NULL),
(1156, 11, '50008M', 0, NULL, NULL, 0, NULL, 0, 0, 0, NULL),
(1157, 11, '50008MSC', 0, NULL, NULL, 0, NULL, 0, 0, 0, NULL),
(1158, 11, '50008SC', 0, NULL, NULL, 0, NULL, 0, 0, 0, NULL),
(1159, 11, '50019', 0, NULL, NULL, 0, NULL, 0, 0, 0, NULL),
(1160, 11, '50019M', 0, NULL, NULL, 0, NULL, 0, 0, 0, NULL),
(1161, 11, '50019MSC', 0, NULL, NULL, 0, NULL, 0, 0, 0, NULL),
(1162, 11, '50019SC', 0, NULL, NULL, 0, NULL, 0, 0, 0, NULL),
(1163, 11, '53002A', 0, NULL, NULL, 0, NULL, 0, 0, 0, NULL),
(1164, 11, '53002ASC', 0, NULL, NULL, 0, NULL, 0, 0, 0, NULL),
(1165, 11, '53002BSC', 0, NULL, NULL, 0, NULL, 0, 0, 0, NULL),
(1166, 11, '53002B', 0, NULL, NULL, 0, NULL, 0, 0, 0, NULL),
(1167, 11, '54003', 0, NULL, NULL, 0, NULL, 0, 0, 0, NULL),
(1168, 11, '54003SC', 0, NULL, NULL, 0, NULL, 0, 0, 0, NULL),
(1169, 11, '51002H', 0, NULL, NULL, 0, NULL, 0, 0, 0, NULL),
(1170, 11, '51002HSC', 0, NULL, NULL, 0, NULL, 0, 0, 0, NULL),
(1171, 11, '50009', 0, NULL, NULL, 0, NULL, 0, 0, 0, NULL),
(1172, 11, '50009M', 0, NULL, NULL, 0, NULL, 0, 0, 0, NULL),
(1173, 11, '50009MSC', 0, NULL, NULL, 0, NULL, 0, 0, 0, NULL),
(1174, 11, '50010', 0, NULL, NULL, 0, NULL, 0, 0, 0, NULL),
(1175, 11, '50010M', 0, NULL, NULL, 0, NULL, 0, 0, 0, NULL),
(1176, 11, '50010MSC', 0, NULL, NULL, 0, NULL, 0, 0, 0, NULL),
(1177, 11, '50010SC', 0, NULL, NULL, 0, NULL, 0, 0, 0, NULL),
(1178, 11, '50018', 0, NULL, NULL, 0, NULL, 0, 0, 0, NULL),
(1179, 11, '50018M', 0, NULL, NULL, 0, NULL, 0, 0, 0, NULL),
(1180, 11, '50018MSC', 0, NULL, NULL, 0, NULL, 0, 0, 0, NULL),
(1181, 11, '50018SC', 0, NULL, NULL, 0, NULL, 0, 0, 0, NULL),
(1182, 11, '53001A', 0, NULL, NULL, 0, NULL, 0, 0, 0, NULL),
(1183, 11, '53001ASC', 0, NULL, NULL, 0, NULL, 0, 0, 0, NULL),
(1184, 11, '53001B', 0, NULL, NULL, 0, NULL, 0, 0, 0, NULL),
(1185, 11, '53001BSC', 0, NULL, NULL, 0, NULL, 0, 0, 0, NULL),
(1186, 11, '53005', 0, NULL, NULL, 0, NULL, 0, 0, 0, NULL),
(1187, 11, '53005SC', 0, NULL, NULL, 0, NULL, 0, 0, 0, NULL),
(1188, 11, '53006', 0, NULL, NULL, 0, NULL, 0, 0, 0, NULL),
(1189, 11, '53004', 0, NULL, NULL, 0, NULL, 0, 0, 0, NULL),
(1190, 11, '53004SC', 0, NULL, NULL, 0, NULL, 0, 0, 0, NULL),
(1191, 11, '53006SC', 0, NULL, NULL, 0, NULL, 0, 0, 0, NULL),
(1192, 11, '50003', 0, NULL, NULL, 0, NULL, 0, 0, 0, NULL),
(1193, 11, '50003M', 0, NULL, NULL, 0, NULL, 0, 0, 0, NULL),
(1194, 11, '50003MSC', 0, NULL, NULL, 0, NULL, 0, 0, 0, NULL),
(1195, 11, '50003SC', 0, NULL, NULL, 0, NULL, 0, 0, 0, NULL),
(1196, 11, '50004', 0, NULL, NULL, 0, NULL, 0, 0, 0, NULL),
(1197, 11, '50004M', 0, NULL, NULL, 0, NULL, 0, 0, 0, NULL),
(1198, 11, '50004MSC', 0, NULL, NULL, 0, NULL, 0, 0, 0, NULL),
(1199, 11, '50004SC', 0, NULL, NULL, 0, NULL, 0, 0, 0, NULL),
(1200, 11, '51002', 0, NULL, NULL, 0, NULL, 0, 0, 0, NULL),
(1201, 11, '51002SF', 0, NULL, NULL, 0, NULL, 0, 0, 0, NULL),
(1202, 11, '51002SFSC', 0, NULL, NULL, 0, NULL, 0, 0, 0, NULL),
(1203, 11, '51002SC', 0, NULL, NULL, 0, NULL, 0, 0, 0, NULL),
(1204, 11, '50002', 0, NULL, NULL, 0, NULL, 0, 0, 0, NULL),
(1205, 11, '50002M', 0, NULL, NULL, 0, NULL, 0, 0, 0, NULL),
(1206, 11, '50002MSC', 0, NULL, NULL, 0, NULL, 0, 0, 0, NULL),
(1207, 11, '50002SC', 0, NULL, NULL, 0, NULL, 0, 0, 0, NULL),
(1208, 11, '50025', 0, NULL, NULL, 0, NULL, 0, 0, 0, NULL),
(1209, 11, '50025SC', 0, NULL, NULL, 0, NULL, 0, 0, 0, NULL),
(1210, 11, '50024', 0, NULL, NULL, 0, NULL, 0, 0, 0, NULL),
(1211, 11, '50024SC', 0, NULL, NULL, 0, NULL, 0, 0, 0, NULL),
(1212, 11, '50023', 0, NULL, NULL, 0, NULL, 0, 0, 0, NULL),
(1213, 11, '50023SC', 0, NULL, NULL, 0, NULL, 0, 0, 0, NULL),
(1214, 11, '50026', 0, NULL, NULL, 0, NULL, 0, 0, 0, NULL),
(1215, 11, '50026SC', 0, NULL, NULL, 0, NULL, 0, 0, 0, NULL),
(1216, 11, '50027', 0, NULL, NULL, 0, NULL, 0, 0, 0, NULL),
(1217, 11, '50027SC', 0, NULL, NULL, 0, NULL, 0, 0, 0, NULL),
(1218, 11, '50028', 0, NULL, NULL, 0, NULL, 0, 0, 0, NULL),
(1219, 11, '50028SC', 0, NULL, NULL, 0, NULL, 0, 0, 0, NULL),
(1220, 11, '50022', 0, NULL, NULL, 0, NULL, 0, 0, 0, NULL),
(1221, 11, '50022SC', 0, NULL, NULL, 0, NULL, 0, 0, 0, NULL),
(1222, 12, '53009', 0, NULL, NULL, 0, NULL, 0, 0, 0, NULL),
(1223, 12, '53009SC', 0, NULL, NULL, 0, NULL, 0, 0, 0, NULL),
(1224, 12, '53008', 0, NULL, NULL, 0, NULL, 0, 0, 0, NULL),
(1225, 12, '53008SC', 0, NULL, NULL, 0, NULL, 0, 0, 0, NULL),
(1226, 12, '54007', 0, NULL, NULL, 0, NULL, 0, 0, 0, NULL),
(1227, 12, '54007SC', 0, NULL, NULL, 0, NULL, 0, 0, 0, NULL),
(1228, 12, '50001', 0, NULL, NULL, 0, NULL, 0, 0, 0, NULL),
(1229, 12, '50001M', 0, NULL, NULL, 0, NULL, 0, 0, 0, NULL),
(1230, 12, '50001MSC', 0, NULL, NULL, 0, NULL, 0, 0, 0, NULL),
(1231, 12, '54001', 0, NULL, NULL, 0, NULL, 0, 0, 0, NULL),
(1232, 12, '54001SC', 0, NULL, NULL, 0, NULL, 0, 0, 0, NULL),
(1233, 12, '50001SC', 0, NULL, NULL, 0, NULL, 0, 0, 0, NULL),
(1234, 12, '50006', 0, NULL, NULL, 0, NULL, 0, 0, 0, NULL),
(1235, 12, '50006M', 0, NULL, NULL, 0, NULL, 0, 0, 0, NULL),
(1236, 12, '50006MSC', 0, NULL, NULL, 0, NULL, 0, 0, 0, NULL),
(1237, 12, '50006SC', 0, NULL, NULL, 0, NULL, 0, 0, 0, NULL),
(1238, 12, '50005', 0, NULL, NULL, 0, NULL, 0, 0, 0, NULL),
(1239, 12, '50005M', 0, NULL, NULL, 0, NULL, 0, 0, 0, NULL),
(1240, 12, '50005MSC', 0, NULL, NULL, 0, NULL, 0, 0, 0, NULL),
(1241, 12, '50005SC', 0, NULL, NULL, 0, NULL, 0, 0, 0, NULL),
(1242, 12, '50029', 0, NULL, NULL, 0, NULL, 0, 0, 0, NULL),
(1243, 12, '50029M', 0, NULL, NULL, 0, NULL, 0, 0, 0, NULL),
(1244, 12, '50029MSC', 0, NULL, NULL, 0, NULL, 0, 0, 0, NULL),
(1245, 12, '50029SC', 0, NULL, NULL, 0, NULL, 0, 0, 0, NULL),
(1246, 12, '50030', 0, NULL, NULL, 0, NULL, 0, 0, 0, NULL),
(1247, 12, '50030SC', 0, NULL, NULL, 0, NULL, 0, 0, 0, NULL),
(1248, 12, '50016', 0, NULL, NULL, 0, NULL, 0, 0, 0, NULL),
(1249, 12, '50016SC', 0, NULL, NULL, 0, NULL, 0, 0, 0, NULL),
(1250, 12, '50013', 0, NULL, NULL, 0, NULL, 0, 0, 0, NULL),
(1251, 12, '50013SC', 0, NULL, NULL, 0, NULL, 0, 0, 0, NULL),
(1252, 12, '50012', 0, NULL, NULL, 0, NULL, 0, 0, 0, NULL),
(1253, 12, '50012SC', 0, NULL, NULL, 0, NULL, 0, 0, 0, NULL),
(1254, 12, '50011', 0, NULL, NULL, 0, NULL, 0, 0, 0, NULL),
(1255, 12, '50011SC', 0, NULL, NULL, 0, NULL, 0, 0, 0, NULL),
(1256, 12, '50014', 0, NULL, NULL, 0, NULL, 0, 0, 0, NULL),
(1257, 12, '50014CS', 0, NULL, NULL, 0, NULL, 0, 0, 0, NULL),
(1258, 12, '50015', 0, NULL, NULL, 0, NULL, 0, 0, 0, NULL),
(1259, 12, '50015SC', 0, NULL, NULL, 0, NULL, 0, 0, 0, NULL),
(1260, 12, '53003', 0, NULL, NULL, 0, NULL, 0, 0, 0, NULL),
(1261, 12, '53003SC', 0, NULL, NULL, 0, NULL, 0, 0, 0, NULL),
(1262, 12, '50007', 0, NULL, NULL, 0, NULL, 0, 0, 0, NULL),
(1263, 12, '50007M', 0, NULL, NULL, 0, NULL, 0, 0, 0, NULL),
(1264, 12, '50007MSC', 0, NULL, NULL, 0, NULL, 0, 0, 0, NULL),
(1265, 12, '50007SC', 0, NULL, NULL, 0, NULL, 0, 0, 0, NULL),
(1266, 12, '50008', 0, NULL, NULL, 0, NULL, 0, 0, 0, NULL),
(1267, 12, '50008M', 0, NULL, NULL, 0, NULL, 0, 0, 0, NULL),
(1268, 12, '50008MSC', 0, NULL, NULL, 0, NULL, 0, 0, 0, NULL),
(1269, 12, '50008SC', 0, NULL, NULL, 0, NULL, 0, 0, 0, NULL),
(1270, 12, '50019', 0, NULL, NULL, 0, NULL, 0, 0, 0, NULL),
(1271, 12, '50019M', 0, NULL, NULL, 0, NULL, 0, 0, 0, NULL),
(1272, 12, '50019MSC', 0, NULL, NULL, 0, NULL, 0, 0, 0, NULL),
(1273, 12, '50019SC', 0, NULL, NULL, 0, NULL, 0, 0, 0, NULL),
(1274, 12, '53002A', 0, NULL, NULL, 0, NULL, 0, 0, 0, NULL),
(1275, 12, '53002ASC', 0, NULL, NULL, 0, NULL, 0, 0, 0, NULL),
(1276, 12, '53002BSC', 0, NULL, NULL, 0, NULL, 0, 0, 0, NULL),
(1277, 12, '53002B', 0, NULL, NULL, 0, NULL, 0, 0, 0, NULL),
(1278, 12, '54003', 0, NULL, NULL, 0, NULL, 0, 0, 0, NULL),
(1279, 12, '54003SC', 0, NULL, NULL, 0, NULL, 0, 0, 0, NULL),
(1280, 12, '51002H', 0, NULL, NULL, 0, NULL, 0, 0, 0, NULL),
(1281, 12, '51002HSC', 0, NULL, NULL, 0, NULL, 0, 0, 0, NULL),
(1282, 12, '50009', 0, NULL, NULL, 0, NULL, 0, 0, 0, NULL),
(1283, 12, '50009M', 0, NULL, NULL, 0, NULL, 0, 0, 0, NULL),
(1284, 12, '50009MSC', 0, NULL, NULL, 0, NULL, 0, 0, 0, NULL),
(1285, 12, '50010', 0, NULL, NULL, 0, NULL, 0, 0, 0, NULL),
(1286, 12, '50010M', 0, NULL, NULL, 0, NULL, 0, 0, 0, NULL),
(1287, 12, '50010MSC', 0, NULL, NULL, 0, NULL, 0, 0, 0, NULL),
(1288, 12, '50010SC', 0, NULL, NULL, 0, NULL, 0, 0, 0, NULL),
(1289, 12, '50018', 0, NULL, NULL, 0, NULL, 0, 0, 0, NULL),
(1290, 12, '50018M', 0, NULL, NULL, 0, NULL, 0, 0, 0, NULL),
(1291, 12, '50018MSC', 0, NULL, NULL, 0, NULL, 0, 0, 0, NULL),
(1292, 12, '50018SC', 0, NULL, NULL, 0, NULL, 0, 0, 0, NULL),
(1293, 12, '53001A', 0, NULL, NULL, 0, NULL, 0, 0, 0, NULL),
(1294, 12, '53001ASC', 0, NULL, NULL, 0, NULL, 0, 0, 0, NULL),
(1295, 12, '53001B', 0, NULL, NULL, 0, NULL, 0, 0, 0, NULL),
(1296, 12, '53001BSC', 0, NULL, NULL, 0, NULL, 0, 0, 0, NULL),
(1297, 12, '53005', 0, NULL, NULL, 0, NULL, 0, 0, 0, NULL),
(1298, 12, '53005SC', 0, NULL, NULL, 0, NULL, 0, 0, 0, NULL),
(1299, 12, '53006', 0, NULL, NULL, 0, NULL, 0, 0, 0, NULL),
(1300, 12, '53004', 0, NULL, NULL, 0, NULL, 0, 0, 0, NULL),
(1301, 12, '53004SC', 0, NULL, NULL, 0, NULL, 0, 0, 0, NULL),
(1302, 12, '53006SC', 0, NULL, NULL, 0, NULL, 0, 0, 0, NULL),
(1303, 12, '50003', 0, NULL, NULL, 0, NULL, 0, 0, 0, NULL),
(1304, 12, '50003M', 0, NULL, NULL, 0, NULL, 0, 0, 0, NULL),
(1305, 12, '50003MSC', 0, NULL, NULL, 0, NULL, 0, 0, 0, NULL),
(1306, 12, '50003SC', 0, NULL, NULL, 0, NULL, 0, 0, 0, NULL);
INSERT INTO `product_movement` (`id`, `period_id`, `product_id`, `pos_sold`, `beginning`, `ending`, `delivery`, `actual`, `trans_in`, `trans_out`, `return_stock`, `discrepancy`) VALUES
(1307, 12, '50004', 0, NULL, NULL, 0, NULL, 0, 0, 0, NULL),
(1308, 12, '50004M', 0, NULL, NULL, 0, NULL, 0, 0, 0, NULL),
(1309, 12, '50004MSC', 0, NULL, NULL, 0, NULL, 0, 0, 0, NULL),
(1310, 12, '50004SC', 0, NULL, NULL, 0, NULL, 0, 0, 0, NULL),
(1311, 12, '51002', 0, NULL, NULL, 0, NULL, 0, 0, 0, NULL),
(1312, 12, '51002SF', 0, NULL, NULL, 0, NULL, 0, 0, 0, NULL),
(1313, 12, '51002SFSC', 0, NULL, NULL, 0, NULL, 0, 0, 0, NULL),
(1314, 12, '51002SC', 0, NULL, NULL, 0, NULL, 0, 0, 0, NULL),
(1315, 12, '50002', 0, NULL, NULL, 0, NULL, 0, 0, 0, NULL),
(1316, 12, '50002M', 0, NULL, NULL, 0, NULL, 0, 0, 0, NULL),
(1317, 12, '50002MSC', 0, NULL, NULL, 0, NULL, 0, 0, 0, NULL),
(1318, 12, '50002SC', 0, NULL, NULL, 0, NULL, 0, 0, 0, NULL),
(1319, 12, '50025', 0, NULL, NULL, 0, NULL, 0, 0, 0, NULL),
(1320, 12, '50025SC', 0, NULL, NULL, 0, NULL, 0, 0, 0, NULL),
(1321, 12, '50024', 0, NULL, NULL, 0, NULL, 0, 0, 0, NULL),
(1322, 12, '50024SC', 0, NULL, NULL, 0, NULL, 0, 0, 0, NULL),
(1323, 12, '50023', 0, NULL, NULL, 0, NULL, 0, 0, 0, NULL),
(1324, 12, '50023SC', 0, NULL, NULL, 0, NULL, 0, 0, 0, NULL),
(1325, 12, '50026', 0, NULL, NULL, 0, NULL, 0, 0, 0, NULL),
(1326, 12, '50026SC', 0, NULL, NULL, 0, NULL, 0, 0, 0, NULL),
(1327, 12, '50027', 0, NULL, NULL, 0, NULL, 0, 0, 0, NULL),
(1328, 12, '50027SC', 0, NULL, NULL, 0, NULL, 0, 0, 0, NULL),
(1329, 12, '50028', 0, NULL, NULL, 0, NULL, 0, 0, 0, NULL),
(1330, 12, '50028SC', 0, NULL, NULL, 0, NULL, 0, 0, 0, NULL),
(1331, 12, '50022', 0, NULL, NULL, 0, NULL, 0, 0, 0, NULL),
(1332, 12, '50022SC', 0, NULL, NULL, 0, NULL, 0, 0, 0, NULL),
(1333, 13, '53009', 0, NULL, NULL, 0, NULL, 0, 0, 0, NULL),
(1334, 13, '53009SC', 0, NULL, NULL, 0, NULL, 0, 0, 0, NULL),
(1335, 13, '53008', 0, NULL, NULL, 0, NULL, 0, 0, 0, NULL),
(1336, 13, '53008SC', 0, NULL, NULL, 0, NULL, 0, 0, 0, NULL),
(1337, 13, '54007', 0, NULL, NULL, 0, NULL, 0, 0, 0, NULL),
(1338, 13, '54007SC', 0, NULL, NULL, 0, NULL, 0, 0, 0, NULL),
(1339, 13, '50001', 0, NULL, NULL, 0, NULL, 0, 0, 0, NULL),
(1340, 13, '50001M', 0, NULL, NULL, 0, NULL, 0, 0, 0, NULL),
(1341, 13, '50001MSC', 0, NULL, NULL, 0, NULL, 0, 0, 0, NULL),
(1342, 13, '54001', 0, NULL, NULL, 0, NULL, 0, 0, 0, NULL),
(1343, 13, '54001SC', 0, NULL, NULL, 0, NULL, 0, 0, 0, NULL),
(1344, 13, '50001SC', 0, NULL, NULL, 0, NULL, 0, 0, 0, NULL),
(1345, 13, '50006', 0, NULL, NULL, 0, NULL, 0, 0, 0, NULL),
(1346, 13, '50006M', 0, NULL, NULL, 0, NULL, 0, 0, 0, NULL),
(1347, 13, '50006MSC', 0, NULL, NULL, 0, NULL, 0, 0, 0, NULL),
(1348, 13, '50006SC', 0, NULL, NULL, 0, NULL, 0, 0, 0, NULL),
(1349, 13, '50005', 0, NULL, NULL, 0, NULL, 0, 0, 0, NULL),
(1350, 13, '50005M', 0, NULL, NULL, 0, NULL, 0, 0, 0, NULL),
(1351, 13, '50005MSC', 0, NULL, NULL, 0, NULL, 0, 0, 0, NULL),
(1352, 13, '50005SC', 0, NULL, NULL, 0, NULL, 0, 0, 0, NULL),
(1353, 13, '50029', 0, NULL, NULL, 0, NULL, 0, 0, 0, NULL),
(1354, 13, '50029M', 0, NULL, NULL, 0, NULL, 0, 0, 0, NULL),
(1355, 13, '50029MSC', 0, NULL, NULL, 0, NULL, 0, 0, 0, NULL),
(1356, 13, '50029SC', 0, NULL, NULL, 0, NULL, 0, 0, 0, NULL),
(1357, 13, '50030', 0, NULL, NULL, 0, NULL, 0, 0, 0, NULL),
(1358, 13, '50030SC', 0, NULL, NULL, 0, NULL, 0, 0, 0, NULL),
(1359, 13, '50016', 0, NULL, NULL, 0, NULL, 0, 0, 0, NULL),
(1360, 13, '50016SC', 0, NULL, NULL, 0, NULL, 0, 0, 0, NULL),
(1361, 13, '50013', 0, NULL, NULL, 0, NULL, 0, 0, 0, NULL),
(1362, 13, '50013SC', 0, NULL, NULL, 0, NULL, 0, 0, 0, NULL),
(1363, 13, '50012', 0, NULL, NULL, 0, NULL, 0, 0, 0, NULL),
(1364, 13, '50012SC', 0, NULL, NULL, 0, NULL, 0, 0, 0, NULL),
(1365, 13, '50011', 0, NULL, NULL, 0, NULL, 0, 0, 0, NULL),
(1366, 13, '50011SC', 0, NULL, NULL, 0, NULL, 0, 0, 0, NULL),
(1367, 13, '50014', 0, NULL, NULL, 0, NULL, 0, 0, 0, NULL),
(1368, 13, '50014CS', 0, NULL, NULL, 0, NULL, 0, 0, 0, NULL),
(1369, 13, '50015', 0, NULL, NULL, 0, NULL, 0, 0, 0, NULL),
(1370, 13, '50015SC', 0, NULL, NULL, 0, NULL, 0, 0, 0, NULL),
(1371, 13, '53003', 0, NULL, NULL, 0, NULL, 0, 0, 0, NULL),
(1372, 13, '53003SC', 0, NULL, NULL, 0, NULL, 0, 0, 0, NULL),
(1373, 13, '50007', 0, NULL, NULL, 0, NULL, 0, 0, 0, NULL),
(1374, 13, '50007M', 0, NULL, NULL, 0, NULL, 0, 0, 0, NULL),
(1375, 13, '50007MSC', 0, NULL, NULL, 0, NULL, 0, 0, 0, NULL),
(1376, 13, '50007SC', 0, NULL, NULL, 0, NULL, 0, 0, 0, NULL),
(1377, 13, '50008', 0, NULL, NULL, 0, NULL, 0, 0, 0, NULL),
(1378, 13, '50008M', 0, NULL, NULL, 0, NULL, 0, 0, 0, NULL),
(1379, 13, '50008MSC', 0, NULL, NULL, 0, NULL, 0, 0, 0, NULL),
(1380, 13, '50008SC', 0, NULL, NULL, 0, NULL, 0, 0, 0, NULL),
(1381, 13, '50019', 0, NULL, NULL, 0, NULL, 0, 0, 0, NULL),
(1382, 13, '50019M', 0, NULL, NULL, 0, NULL, 0, 0, 0, NULL),
(1383, 13, '50019MSC', 0, NULL, NULL, 0, NULL, 0, 0, 0, NULL),
(1384, 13, '50019SC', 0, NULL, NULL, 0, NULL, 0, 0, 0, NULL),
(1385, 13, '53002A', 0, NULL, NULL, 0, NULL, 0, 0, 0, NULL),
(1386, 13, '53002ASC', 0, NULL, NULL, 0, NULL, 0, 0, 0, NULL),
(1387, 13, '53002BSC', 0, NULL, NULL, 0, NULL, 0, 0, 0, NULL),
(1388, 13, '53002B', 0, NULL, NULL, 0, NULL, 0, 0, 0, NULL),
(1389, 13, '54003', 0, NULL, NULL, 0, NULL, 0, 0, 0, NULL),
(1390, 13, '54003SC', 0, NULL, NULL, 0, NULL, 0, 0, 0, NULL),
(1391, 13, '51002H', 0, NULL, NULL, 0, NULL, 0, 0, 0, NULL),
(1392, 13, '51002HSC', 0, NULL, NULL, 0, NULL, 0, 0, 0, NULL),
(1393, 13, '50009', 0, NULL, NULL, 0, NULL, 0, 0, 0, NULL),
(1394, 13, '50009M', 0, NULL, NULL, 0, NULL, 0, 0, 0, NULL),
(1395, 13, '50009MSC', 0, NULL, NULL, 0, NULL, 0, 0, 0, NULL),
(1396, 13, '50010', 0, NULL, NULL, 0, NULL, 0, 0, 0, NULL),
(1397, 13, '50010M', 0, NULL, NULL, 0, NULL, 0, 0, 0, NULL),
(1398, 13, '50010MSC', 0, NULL, NULL, 0, NULL, 0, 0, 0, NULL),
(1399, 13, '50010SC', 0, NULL, NULL, 0, NULL, 0, 0, 0, NULL),
(1400, 13, '50018', 0, NULL, NULL, 0, NULL, 0, 0, 0, NULL),
(1401, 13, '50018M', 0, NULL, NULL, 0, NULL, 0, 0, 0, NULL),
(1402, 13, '50018MSC', 0, NULL, NULL, 0, NULL, 0, 0, 0, NULL),
(1403, 13, '50018SC', 0, NULL, NULL, 0, NULL, 0, 0, 0, NULL),
(1404, 13, '53001A', 0, NULL, NULL, 0, NULL, 0, 0, 0, NULL),
(1405, 13, '53001ASC', 0, NULL, NULL, 0, NULL, 0, 0, 0, NULL),
(1406, 13, '53001B', 0, NULL, NULL, 0, NULL, 0, 0, 0, NULL),
(1407, 13, '53001BSC', 0, NULL, NULL, 0, NULL, 0, 0, 0, NULL),
(1408, 13, '53005', 0, NULL, NULL, 0, NULL, 0, 0, 0, NULL),
(1409, 13, '53005SC', 0, NULL, NULL, 0, NULL, 0, 0, 0, NULL),
(1410, 13, '53006', 0, NULL, NULL, 0, NULL, 0, 0, 0, NULL),
(1411, 13, '53004', 0, NULL, NULL, 0, NULL, 0, 0, 0, NULL),
(1412, 13, '53004SC', 0, NULL, NULL, 0, NULL, 0, 0, 0, NULL),
(1413, 13, '53006SC', 0, NULL, NULL, 0, NULL, 0, 0, 0, NULL),
(1414, 13, '50003', 0, NULL, NULL, 0, NULL, 0, 0, 0, NULL),
(1415, 13, '50003M', 0, NULL, NULL, 0, NULL, 0, 0, 0, NULL),
(1416, 13, '50003MSC', 0, NULL, NULL, 0, NULL, 0, 0, 0, NULL),
(1417, 13, '50003SC', 0, NULL, NULL, 0, NULL, 0, 0, 0, NULL),
(1418, 13, '50004', 0, NULL, NULL, 0, NULL, 0, 0, 0, NULL),
(1419, 13, '50004M', 0, NULL, NULL, 0, NULL, 0, 0, 0, NULL),
(1420, 13, '50004MSC', 0, NULL, NULL, 0, NULL, 0, 0, 0, NULL),
(1421, 13, '50004SC', 0, NULL, NULL, 0, NULL, 0, 0, 0, NULL),
(1422, 13, '51002', 0, NULL, NULL, 0, NULL, 0, 0, 0, NULL),
(1423, 13, '51002SF', 0, NULL, NULL, 0, NULL, 0, 0, 0, NULL),
(1424, 13, '51002SFSC', 0, NULL, NULL, 0, NULL, 0, 0, 0, NULL),
(1425, 13, '51002SC', 0, NULL, NULL, 0, NULL, 0, 0, 0, NULL),
(1426, 13, '50002', 0, NULL, NULL, 0, NULL, 0, 0, 0, NULL),
(1427, 13, '50002M', 0, NULL, NULL, 0, NULL, 0, 0, 0, NULL),
(1428, 13, '50002MSC', 0, NULL, NULL, 0, NULL, 0, 0, 0, NULL),
(1429, 13, '50002SC', 0, NULL, NULL, 0, NULL, 0, 0, 0, NULL),
(1430, 13, '50025', 0, NULL, NULL, 0, NULL, 0, 0, 0, NULL),
(1431, 13, '50025SC', 0, NULL, NULL, 0, NULL, 0, 0, 0, NULL),
(1432, 13, '50024', 0, NULL, NULL, 0, NULL, 0, 0, 0, NULL),
(1433, 13, '50024SC', 0, NULL, NULL, 0, NULL, 0, 0, 0, NULL),
(1434, 13, '50023', 0, NULL, NULL, 0, NULL, 0, 0, 0, NULL),
(1435, 13, '50023SC', 0, NULL, NULL, 0, NULL, 0, 0, 0, NULL),
(1436, 13, '50026', 0, NULL, NULL, 0, NULL, 0, 0, 0, NULL),
(1437, 13, '50026SC', 0, NULL, NULL, 0, NULL, 0, 0, 0, NULL),
(1438, 13, '50027', 0, NULL, NULL, 0, NULL, 0, 0, 0, NULL),
(1439, 13, '50027SC', 0, NULL, NULL, 0, NULL, 0, 0, 0, NULL),
(1440, 13, '50028', 0, NULL, NULL, 0, NULL, 0, 0, 0, NULL),
(1441, 13, '50028SC', 0, NULL, NULL, 0, NULL, 0, 0, 0, NULL),
(1442, 13, '50022', 0, NULL, NULL, 0, NULL, 0, 0, 0, NULL),
(1443, 13, '50022SC', 0, NULL, NULL, 0, NULL, 0, 0, 0, NULL),
(1444, 14, '53009', 0, NULL, NULL, 0, NULL, 0, 0, 0, NULL),
(1445, 14, '53009SC', 0, NULL, NULL, 0, NULL, 0, 0, 0, NULL),
(1446, 14, '53008', 0, NULL, NULL, 0, NULL, 0, 0, 0, NULL),
(1447, 14, '53008SC', 0, NULL, NULL, 0, NULL, 0, 0, 0, NULL),
(1448, 14, '54007', 0, NULL, NULL, 0, NULL, 0, 0, 0, NULL),
(1449, 14, '54007SC', 0, NULL, NULL, 0, NULL, 0, 0, 0, NULL),
(1450, 14, '50001', 0, NULL, NULL, 0, NULL, 0, 0, 0, NULL),
(1451, 14, '50001M', 0, NULL, NULL, 0, NULL, 0, 0, 0, NULL),
(1452, 14, '50001MSC', 0, NULL, NULL, 0, NULL, 0, 0, 0, NULL),
(1453, 14, '54001', 0, NULL, NULL, 0, NULL, 0, 0, 0, NULL),
(1454, 14, '54001SC', 0, NULL, NULL, 0, NULL, 0, 0, 0, NULL),
(1455, 14, '50001SC', 0, NULL, NULL, 0, NULL, 0, 0, 0, NULL),
(1456, 14, '50006', 0, NULL, NULL, 0, NULL, 0, 0, 0, NULL),
(1457, 14, '50006M', 0, NULL, NULL, 0, NULL, 0, 0, 0, NULL),
(1458, 14, '50006MSC', 0, NULL, NULL, 0, NULL, 0, 0, 0, NULL),
(1459, 14, '50006SC', 0, NULL, NULL, 0, NULL, 0, 0, 0, NULL),
(1460, 14, '50005', 0, NULL, NULL, 0, NULL, 0, 0, 0, NULL),
(1461, 14, '50005M', 0, NULL, NULL, 0, NULL, 0, 0, 0, NULL),
(1462, 14, '50005MSC', 0, NULL, NULL, 0, NULL, 0, 0, 0, NULL),
(1463, 14, '50005SC', 0, NULL, NULL, 0, NULL, 0, 0, 0, NULL),
(1464, 14, '50029', 0, NULL, NULL, 0, NULL, 0, 0, 0, NULL),
(1465, 14, '50029M', 0, NULL, NULL, 0, NULL, 0, 0, 0, NULL),
(1466, 14, '50029MSC', 0, NULL, NULL, 0, NULL, 0, 0, 0, NULL),
(1467, 14, '50029SC', 0, NULL, NULL, 0, NULL, 0, 0, 0, NULL),
(1468, 14, '50030', 0, NULL, NULL, 0, NULL, 0, 0, 0, NULL),
(1469, 14, '50030SC', 0, NULL, NULL, 0, NULL, 0, 0, 0, NULL),
(1470, 14, '50016', 0, NULL, NULL, 0, NULL, 0, 0, 0, NULL),
(1471, 14, '50016SC', 0, NULL, NULL, 0, NULL, 0, 0, 0, NULL),
(1472, 14, '50013', 0, NULL, NULL, 0, NULL, 0, 0, 0, NULL),
(1473, 14, '50013SC', 0, NULL, NULL, 0, NULL, 0, 0, 0, NULL),
(1474, 14, '50012', 0, NULL, NULL, 0, NULL, 0, 0, 0, NULL),
(1475, 14, '50012SC', 0, NULL, NULL, 0, NULL, 0, 0, 0, NULL),
(1476, 14, '50011', 0, NULL, NULL, 0, NULL, 0, 0, 0, NULL),
(1477, 14, '50011SC', 0, NULL, NULL, 0, NULL, 0, 0, 0, NULL),
(1478, 14, '50014', 0, NULL, NULL, 0, NULL, 0, 0, 0, NULL),
(1479, 14, '50014CS', 0, NULL, NULL, 0, NULL, 0, 0, 0, NULL),
(1480, 14, '50015', 0, NULL, NULL, 0, NULL, 0, 0, 0, NULL),
(1481, 14, '50015SC', 0, NULL, NULL, 0, NULL, 0, 0, 0, NULL),
(1482, 14, '53003', 0, NULL, NULL, 0, NULL, 0, 0, 0, NULL),
(1483, 14, '53003SC', 0, NULL, NULL, 0, NULL, 0, 0, 0, NULL),
(1484, 14, '50007', 0, NULL, NULL, 0, NULL, 0, 0, 0, NULL),
(1485, 14, '50007M', 0, NULL, NULL, 0, NULL, 0, 0, 0, NULL),
(1486, 14, '50007MSC', 0, NULL, NULL, 0, NULL, 0, 0, 0, NULL),
(1487, 14, '50007SC', 0, NULL, NULL, 0, NULL, 0, 0, 0, NULL),
(1488, 14, '50008', 0, NULL, NULL, 0, NULL, 0, 0, 0, NULL),
(1489, 14, '50008M', 0, NULL, NULL, 0, NULL, 0, 0, 0, NULL),
(1490, 14, '50008MSC', 0, NULL, NULL, 0, NULL, 0, 0, 0, NULL),
(1491, 14, '50008SC', 0, NULL, NULL, 0, NULL, 0, 0, 0, NULL),
(1492, 14, '50019', 0, NULL, NULL, 0, NULL, 0, 0, 0, NULL),
(1493, 14, '50019M', 0, NULL, NULL, 0, NULL, 0, 0, 0, NULL),
(1494, 14, '50019MSC', 0, NULL, NULL, 0, NULL, 0, 0, 0, NULL),
(1495, 14, '50019SC', 0, NULL, NULL, 0, NULL, 0, 0, 0, NULL),
(1496, 14, '53002A', 0, NULL, NULL, 0, NULL, 0, 0, 0, NULL),
(1497, 14, '53002ASC', 0, NULL, NULL, 0, NULL, 0, 0, 0, NULL),
(1498, 14, '53002BSC', 0, NULL, NULL, 0, NULL, 0, 0, 0, NULL),
(1499, 14, '53002B', 0, NULL, NULL, 0, NULL, 0, 0, 0, NULL),
(1500, 14, '54003', 0, NULL, NULL, 0, NULL, 0, 0, 0, NULL),
(1501, 14, '54003SC', 0, NULL, NULL, 0, NULL, 0, 0, 0, NULL),
(1502, 14, '51002H', 0, NULL, NULL, 0, NULL, 0, 0, 0, NULL),
(1503, 14, '51002HSC', 0, NULL, NULL, 0, NULL, 0, 0, 0, NULL),
(1504, 14, '50009', 0, NULL, NULL, 0, NULL, 0, 0, 0, NULL),
(1505, 14, '50009M', 0, NULL, NULL, 0, NULL, 0, 0, 0, NULL),
(1506, 14, '50009MSC', 0, NULL, NULL, 0, NULL, 0, 0, 0, NULL),
(1507, 14, '50010', 0, NULL, NULL, 0, NULL, 0, 0, 0, NULL),
(1508, 14, '50010M', 0, NULL, NULL, 0, NULL, 0, 0, 0, NULL),
(1509, 14, '50010MSC', 0, NULL, NULL, 0, NULL, 0, 0, 0, NULL),
(1510, 14, '50010SC', 0, NULL, NULL, 0, NULL, 0, 0, 0, NULL),
(1511, 14, '50018', 0, NULL, NULL, 0, NULL, 0, 0, 0, NULL),
(1512, 14, '50018M', 0, NULL, NULL, 0, NULL, 0, 0, 0, NULL),
(1513, 14, '50018MSC', 0, NULL, NULL, 0, NULL, 0, 0, 0, NULL),
(1514, 14, '50018SC', 0, NULL, NULL, 0, NULL, 0, 0, 0, NULL),
(1515, 14, '53001A', 0, NULL, NULL, 0, NULL, 0, 0, 0, NULL),
(1516, 14, '53001ASC', 0, NULL, NULL, 0, NULL, 0, 0, 0, NULL),
(1517, 14, '53001B', 0, NULL, NULL, 0, NULL, 0, 0, 0, NULL),
(1518, 14, '53001BSC', 0, NULL, NULL, 0, NULL, 0, 0, 0, NULL),
(1519, 14, '53005', 0, NULL, NULL, 0, NULL, 0, 0, 0, NULL),
(1520, 14, '53005SC', 0, NULL, NULL, 0, NULL, 0, 0, 0, NULL),
(1521, 14, '53006', 0, NULL, NULL, 0, NULL, 0, 0, 0, NULL),
(1522, 14, '53004', 0, NULL, NULL, 0, NULL, 0, 0, 0, NULL),
(1523, 14, '53004SC', 0, NULL, NULL, 0, NULL, 0, 0, 0, NULL),
(1524, 14, '53006SC', 0, NULL, NULL, 0, NULL, 0, 0, 0, NULL),
(1525, 14, '50003', 0, NULL, NULL, 0, NULL, 0, 0, 0, NULL),
(1526, 14, '50003M', 0, NULL, NULL, 0, NULL, 0, 0, 0, NULL),
(1527, 14, '50003MSC', 0, NULL, NULL, 0, NULL, 0, 0, 0, NULL),
(1528, 14, '50003SC', 0, NULL, NULL, 0, NULL, 0, 0, 0, NULL),
(1529, 14, '50004', 0, NULL, NULL, 0, NULL, 0, 0, 0, NULL),
(1530, 14, '50004M', 0, NULL, NULL, 0, NULL, 0, 0, 0, NULL),
(1531, 14, '50004MSC', 0, NULL, NULL, 0, NULL, 0, 0, 0, NULL),
(1532, 14, '50004SC', 0, NULL, NULL, 0, NULL, 0, 0, 0, NULL),
(1533, 14, '51002', 0, NULL, NULL, 0, NULL, 0, 0, 0, NULL),
(1534, 14, '51002SF', 0, NULL, NULL, 0, NULL, 0, 0, 0, NULL),
(1535, 14, '51002SFSC', 0, NULL, NULL, 0, NULL, 0, 0, 0, NULL),
(1536, 14, '51002SC', 0, NULL, NULL, 0, NULL, 0, 0, 0, NULL),
(1537, 14, '50002', 0, NULL, NULL, 0, NULL, 0, 0, 0, NULL),
(1538, 14, '50002M', 0, NULL, NULL, 0, NULL, 0, 0, 0, NULL),
(1539, 14, '50002MSC', 0, NULL, NULL, 0, NULL, 0, 0, 0, NULL),
(1540, 14, '50002SC', 0, NULL, NULL, 0, NULL, 0, 0, 0, NULL),
(1541, 14, '50025', 0, NULL, NULL, 0, NULL, 0, 0, 0, NULL),
(1542, 14, '50025SC', 0, NULL, NULL, 0, NULL, 0, 0, 0, NULL),
(1543, 14, '50024', 0, NULL, NULL, 0, NULL, 0, 0, 0, NULL),
(1544, 14, '50024SC', 0, NULL, NULL, 0, NULL, 0, 0, 0, NULL),
(1545, 14, '50023', 0, NULL, NULL, 0, NULL, 0, 0, 0, NULL),
(1546, 14, '50023SC', 0, NULL, NULL, 0, NULL, 0, 0, 0, NULL),
(1547, 14, '50026', 0, NULL, NULL, 0, NULL, 0, 0, 0, NULL),
(1548, 14, '50026SC', 0, NULL, NULL, 0, NULL, 0, 0, 0, NULL),
(1549, 14, '50027', 0, NULL, NULL, 0, NULL, 0, 0, 0, NULL),
(1550, 14, '50027SC', 0, NULL, NULL, 0, NULL, 0, 0, 0, NULL),
(1551, 14, '50028', 0, NULL, NULL, 0, NULL, 0, 0, 0, NULL),
(1552, 14, '50028SC', 0, NULL, NULL, 0, NULL, 0, 0, 0, NULL),
(1553, 14, '50022', 0, NULL, NULL, 0, NULL, 0, 0, 0, NULL),
(1554, 14, '50022SC', 0, NULL, NULL, 0, NULL, 0, 0, 0, NULL);

-- --------------------------------------------------------

--
-- Table structure for table `uom`
--

CREATE TABLE `uom` (
  `id` int(11) NOT NULL,
  `abbreviation` varchar(3) NOT NULL,
  `description` varchar(32) NOT NULL
) ENGINE=InnoDB DEFAULT CHARSET=latin1;

--
-- Dumping data for table `uom`
--

INSERT INTO `uom` (`id`, `abbreviation`, `description`) VALUES
(1, 'PC', 'Piece'),
(2, 'G', 'Gram');

-- --------------------------------------------------------

--
-- Table structure for table `user`
--

CREATE TABLE `user` (
  `id` int(11) NOT NULL,
  `email` varchar(50) NOT NULL,
  `password` varchar(32) NOT NULL,
  `firstname` varchar(32) NOT NULL,
  `lastname` varchar(32) NOT NULL,
  `branch_id` int(11) DEFAULT NULL,
  `access_level` int(1) NOT NULL COMMENT '0=admin, 1=user'
) ENGINE=InnoDB DEFAULT CHARSET=latin1;

--
-- Dumping data for table `user`
--

INSERT INTO `user` (`id`, `email`, `password`, `firstname`, `lastname`, `branch_id`, `access_level`) VALUES
(1, 'admin@gmail.com', '21232f297a57a5a743894a0e4a801fc3', 'admin', 'admin', 2, 0),
(2, 'smiloilo@gmail.com', 'ecb6de7251959a8b5b97ce3e5c0ac2de', 'sm', 'iloilo', 1, 1);

--
-- Indexes for dumped tables
--

--
-- Indexes for table `branch`
--
ALTER TABLE `branch`
  ADD PRIMARY KEY (`branch_id`);

--
-- Indexes for table `period`
--
ALTER TABLE `period`
  ADD PRIMARY KEY (`id`);

--
-- Indexes for table `product`
--
ALTER TABLE `product`
  ADD PRIMARY KEY (`id`),
  ADD KEY `uom` (`uom`);

--
-- Indexes for table `product_movement`
--
ALTER TABLE `product_movement`
  ADD PRIMARY KEY (`id`),
  ADD KEY `period_id` (`period_id`),
  ADD KEY `product_id` (`product_id`),
  ADD KEY `period_id_2` (`period_id`);

--
-- Indexes for table `uom`
--
ALTER TABLE `uom`
  ADD PRIMARY KEY (`id`);

--
-- Indexes for table `user`
--
ALTER TABLE `user`
  ADD PRIMARY KEY (`id`),
  ADD KEY `branch_id` (`branch_id`);

--
-- AUTO_INCREMENT for dumped tables
--

--
-- AUTO_INCREMENT for table `branch`
--
ALTER TABLE `branch`
  MODIFY `branch_id` int(11) NOT NULL AUTO_INCREMENT, AUTO_INCREMENT=3;

--
-- AUTO_INCREMENT for table `period`
--
ALTER TABLE `period`
  MODIFY `id` int(11) NOT NULL AUTO_INCREMENT, AUTO_INCREMENT=15;

--
-- AUTO_INCREMENT for table `product_movement`
--
ALTER TABLE `product_movement`
  MODIFY `id` int(11) NOT NULL AUTO_INCREMENT, AUTO_INCREMENT=1555;

--
-- AUTO_INCREMENT for table `uom`
--
ALTER TABLE `uom`
  MODIFY `id` int(11) NOT NULL AUTO_INCREMENT, AUTO_INCREMENT=3;

--
-- AUTO_INCREMENT for table `user`
--
ALTER TABLE `user`
  MODIFY `id` int(11) NOT NULL AUTO_INCREMENT, AUTO_INCREMENT=3;

--
-- Constraints for dumped tables
--

--
-- Constraints for table `product`
--
ALTER TABLE `product`
  ADD CONSTRAINT `product_ibfk_1` FOREIGN KEY (`uom`) REFERENCES `uom` (`id`) ON UPDATE CASCADE;

--
-- Constraints for table `product_movement`
--
ALTER TABLE `product_movement`
  ADD CONSTRAINT `product_movement_ibfk_1` FOREIGN KEY (`period_id`) REFERENCES `period` (`id`) ON DELETE CASCADE ON UPDATE CASCADE;

--
-- Constraints for table `user`
--
ALTER TABLE `user`
  ADD CONSTRAINT `user_ibfk_1` FOREIGN KEY (`branch_id`) REFERENCES `branch` (`branch_id`) ON DELETE CASCADE ON UPDATE CASCADE;
COMMIT;

/*!40101 SET CHARACTER_SET_CLIENT=@OLD_CHARACTER_SET_CLIENT */;
/*!40101 SET CHARACTER_SET_RESULTS=@OLD_CHARACTER_SET_RESULTS */;
/*!40101 SET COLLATION_CONNECTION=@OLD_COLLATION_CONNECTION */;
